2021-01-11, 10:46:42 a.m. [GDCT] info: GET [32m304[39m /COA_manager/COATrees/sheetName/5eade987ceb55e64491b0b68 - [32m177.260[39m ms
2021-01-11, 10:46:42 a.m. [GDCT] info: GET [32m304[39m /COA_manager/COATrees/sheetName/5eadec31ceb55e64491b0b75 - [32m143.178[39m ms
2021-01-11, 10:46:42 a.m. [GDCT] info: GET [32m304[39m /COA_manager/COATrees/sheetName/5eadebbaceb55e64491b0b72 - [32m149.759[39m ms
2021-01-11, 10:46:42 a.m. [GDCT] info: GET [32m304[39m /COA_manager/COATrees/sheetName/5f1ee59ad181ae43d04c9bd6 - [32m152.734[39m ms
2021-01-11, 10:46:42 a.m. [GDCT] info: GET [32m304[39m /COA_manager/COATrees/sheetName/5eadec49ceb55e64491b0b76 - [32m161.267[39m ms
2021-01-11, 10:46:42 a.m. [GDCT] info: GET [32m304[39m /COA_manager/COATrees/sheetName/5eade8e6ceb55e64491b0b63 - [32m162.326[39m ms
2021-01-11, 10:46:42 a.m. [GDCT] info: GET [32m304[39m /COA_manager/COATrees/sheetName/5eade9a6ceb55e64491b0b69 - [32m104.245[39m ms
2021-01-11, 10:46:42 a.m. [GDCT] info: GET [32m304[39m /COA_manager/COATrees/sheetName/5eadeb8eceb55e64491b0b70 - [32m138.228[39m ms
2021-01-11, 10:46:42 a.m. [GDCT] info: GET [32m304[39m /COA_manager/COATrees/sheetName/5eadebfbceb55e64491b0b73 - [32m148.516[39m ms
2021-01-11, 10:46:42 a.m. [GDCT] info: GET [32m304[39m /COA_manager/COATrees/sheetName/5eade9bbceb55e64491b0b6a - [32m129.358[39m ms
2021-01-11, 10:46:42 a.m. [GDCT] info: GET [32m304[39m /COA_manager/COATrees/sheetName/5eadeb61ceb55e64491b0b6d - [32m151.711[39m ms
2021-01-11, 10:46:42 a.m. [GDCT] info: GET [32m304[39m /COA_manager/COATrees/sheetName/5eadeba4ceb55e64491b0b71 - [32m113.514[39m ms
2021-01-11, 10:46:42 a.m. [GDCT] info: GET [32m304[39m /COA_manager/COATrees/sheetName/5eade8fcceb55e64491b0b64 - [32m156.289[39m ms
2021-01-11, 10:46:42 a.m. [GDCT] info: GET [32m304[39m /COA_manager/COATrees/sheetName/5eade90dceb55e64491b0b65 - [32m103.366[39m ms
2021-01-11, 10:46:42 a.m. [GDCT] info: GET [32m304[39m /COA_manager/COATrees/sheetName/5eade9d2ceb55e64491b0b6b - [32m121.302[39m ms
2021-01-11, 10:46:42 a.m. [GDCT] info: GET [32m304[39m /COA_manager/COATrees/sheetName/5eade95eceb55e64491b0b67 - [32m114.613[39m ms
2021-01-11, 10:46:42 a.m. [GDCT] info: GET [32m304[39m /COA_manager/COATrees/sheetName/5eadeb75ceb55e64491b0b6e - [32m114.561[39m ms
2021-01-11, 10:46:42 a.m. [GDCT] info: GET [32m304[39m /COA_manager/COATrees/sheetName/5eadec19ceb55e64491b0b74 - [32m125.580[39m ms
2021-01-11, 10:46:59 a.m. [GDCT] info: GET [32m304[39m /profile - [32m64.864[39m ms
2021-01-11, 10:47:00 a.m. [GDCT] info: GET [32m304[39m /sheetNames - [32m141.458[39m ms
2021-01-11, 10:47:00 a.m. [GDCT] info: GET [32m304[39m /Menus - [32m220.013[39m ms
2021-01-11, 10:47:00 a.m. [GDCT] info: GET [32m304[39m /sheetNames - [32m119.374[39m ms
2021-01-11, 10:47:00 a.m. [GDCT] info: GET [32m304[39m /COA_manager/COATrees/sheetName/5eade920ceb55e64491b0b66 - [32m150.732[39m ms
2021-01-11, 10:47:00 a.m. [GDCT] info: GET [32m304[39m /COA_manager/COATrees/sheetName/5eadea25ceb55e64491b0b6c - [32m157.174[39m ms
2021-01-11, 10:47:00 a.m. [GDCT] info: GET [32m304[39m /COA_manager/COATrees/sheetName/5eac8ae29a8fe3217fe81f87 - [32m150.664[39m ms
2021-01-11, 10:47:00 a.m. [GDCT] info: GET [32m304[39m /COA_manager/COATrees/sheetName/5eadec62ceb55e64491b0b77 - [32m137.986[39m ms
2021-01-11, 10:47:00 a.m. [GDCT] info: GET [32m304[39m /COA_manager/COATrees/sheetName/5eadecc1ceb55e64491b0b80 - [32m170.939[39m ms
2021-01-11, 10:47:00 a.m. [GDCT] info: GET [32m304[39m /COA_manager/COATrees/sheetName/5eade987ceb55e64491b0b68 - [32m196.959[39m ms
2021-01-11, 10:47:00 a.m. [GDCT] info: GET [32m304[39m /COA_manager/COATrees/sheetName/5eade8e6ceb55e64491b0b63 - [32m111.081[39m ms
2021-01-11, 10:47:00 a.m. [GDCT] info: GET [32m304[39m /COA_manager/COATrees/sheetName/5eadec31ceb55e64491b0b75 - [32m119.019[39m ms
2021-01-11, 10:47:00 a.m. [GDCT] info: GET [32m304[39m /COA_manager/COATrees/sheetName/5f1ee59ad181ae43d04c9bd6 - [32m107.546[39m ms
2021-01-11, 10:47:00 a.m. [GDCT] info: GET [32m304[39m /COA_manager/COATrees/sheetName/5eadebbaceb55e64491b0b72 - [32m116.527[39m ms
2021-01-11, 10:47:00 a.m. [GDCT] info: GET [32m304[39m /COA_manager/COATrees/sheetName/5eade9a6ceb55e64491b0b69 - [32m97.081[39m ms
2021-01-11, 10:47:00 a.m. [GDCT] info: GET [32m304[39m /COA_manager/COATrees/sheetName/5eadec49ceb55e64491b0b76 - [32m103.242[39m ms
2021-01-11, 10:47:00 a.m. [GDCT] info: GET [32m304[39m /COA_manager/COATrees/sheetName/5eadeb61ceb55e64491b0b6d - [32m103.268[39m ms
2021-01-11, 10:47:00 a.m. [GDCT] info: GET [32m304[39m /COA_manager/COATrees/sheetName/5eade9bbceb55e64491b0b6a - [32m118.961[39m ms
2021-01-11, 10:47:00 a.m. [GDCT] info: GET [32m304[39m /COA_manager/COATrees/sheetName/5eadebfbceb55e64491b0b73 - [32m134.619[39m ms
2021-01-11, 10:47:00 a.m. [GDCT] info: GET [32m304[39m /COA_manager/COATrees/sheetName/5eadeb8eceb55e64491b0b70 - [32m132.613[39m ms
2021-01-11, 10:47:00 a.m. [GDCT] info: GET [32m304[39m /COA_manager/COATrees/sheetName/5eade8fcceb55e64491b0b64 - [32m114.402[39m ms
2021-01-11, 10:47:00 a.m. [GDCT] info: GET [32m304[39m /COA_manager/COATrees/sheetName/5eadeba4ceb55e64491b0b71 - [32m124.907[39m ms
2021-01-11, 10:47:01 a.m. [GDCT] info: GET [32m304[39m /COA_manager/COATrees/sheetName/5eade9d2ceb55e64491b0b6b - [32m114.859[39m ms
2021-01-11, 10:47:01 a.m. [GDCT] info: GET [32m304[39m /COA_manager/COATrees/sheetName/5eade95eceb55e64491b0b67 - [32m116.198[39m ms
2021-01-11, 10:47:01 a.m. [GDCT] info: GET [32m304[39m /COA_manager/COATrees/sheetName/5eadeb75ceb55e64491b0b6e - [32m115.087[39m ms
2021-01-11, 10:47:01 a.m. [GDCT] info: GET [32m304[39m /COA_manager/COATrees/sheetName/5eadec19ceb55e64491b0b74 - [32m122.446[39m ms
2021-01-11, 10:47:01 a.m. [GDCT] info: GET [32m304[39m /COA_manager/COATrees/sheetName/5eade90dceb55e64491b0b65 - [32m117.551[39m ms
2021-01-11, 10:48:22 a.m. [GDCT] info: GET [32m304[39m /profile - [32m68.610[39m ms
2021-01-11, 10:48:22 a.m. [GDCT] info: GET [32m304[39m /sheetNames - [32m142.101[39m ms
2021-01-11, 10:48:22 a.m. [GDCT] info: GET [32m304[39m /Menus - [32m242.581[39m ms
2021-01-11, 10:48:22 a.m. [GDCT] info: GET [32m304[39m /sheetNames - [32m157.984[39m ms
2021-01-11, 10:48:22 a.m. [GDCT] info: GET [32m304[39m /COA_manager/COATrees/sheetName/5eadea25ceb55e64491b0b6c - [32m126.239[39m ms
2021-01-11, 10:48:22 a.m. [GDCT] info: GET [32m304[39m /COA_manager/COATrees/sheetName/5eac8ae29a8fe3217fe81f87 - [32m129.399[39m ms
2021-01-11, 10:48:22 a.m. [GDCT] info: GET [32m304[39m /COA_manager/COATrees/sheetName/5eadec62ceb55e64491b0b77 - [32m136.808[39m ms
2021-01-11, 10:48:22 a.m. [GDCT] info: GET [32m304[39m /COA_manager/COATrees/sheetName/5eade920ceb55e64491b0b66 - [32m152.373[39m ms
2021-01-11, 10:48:22 a.m. [GDCT] info: GET [32m304[39m /COA_manager/COATrees/sheetName/5eadecc1ceb55e64491b0b80 - [32m157.504[39m ms
2021-01-11, 10:48:22 a.m. [GDCT] info: GET [32m304[39m /COA_manager/COATrees/sheetName/5eade987ceb55e64491b0b68 - [32m160.064[39m ms
2021-01-11, 10:48:23 a.m. [GDCT] info: GET [32m304[39m /COA_manager/COATrees/sheetName/5eade8e6ceb55e64491b0b63 - [32m155.126[39m ms
2021-01-11, 10:48:23 a.m. [GDCT] info: GET [32m304[39m /COA_manager/COATrees/sheetName/5eade9a6ceb55e64491b0b69 - [32m126.388[39m ms
2021-01-11, 10:48:23 a.m. [GDCT] info: GET [32m304[39m /COA_manager/COATrees/sheetName/5eadebbaceb55e64491b0b72 - [32m141.518[39m ms
2021-01-11, 10:48:23 a.m. [GDCT] info: GET [32m304[39m /COA_manager/COATrees/sheetName/5eadec31ceb55e64491b0b75 - [32m153.611[39m ms
2021-01-11, 10:48:23 a.m. [GDCT] info: GET [32m304[39m /COA_manager/COATrees/sheetName/5f1ee59ad181ae43d04c9bd6 - [32m160.975[39m ms
2021-01-11, 10:48:23 a.m. [GDCT] info: GET [32m304[39m /COA_manager/COATrees/sheetName/5eadec49ceb55e64491b0b76 - [32m143.518[39m ms
2021-01-11, 10:48:23 a.m. [GDCT] info: GET [32m304[39m /COA_manager/COATrees/sheetName/5eade8fcceb55e64491b0b64 - [32m122.265[39m ms
2021-01-11, 10:48:23 a.m. [GDCT] info: GET [32m304[39m /COA_manager/COATrees/sheetName/5eade9bbceb55e64491b0b6a - [32m124.449[39m ms
2021-01-11, 10:48:23 a.m. [GDCT] info: GET [32m304[39m /COA_manager/COATrees/sheetName/5eadebfbceb55e64491b0b73 - [32m127.780[39m ms
2021-01-11, 10:48:23 a.m. [GDCT] info: GET [32m304[39m /COA_manager/COATrees/sheetName/5eadeb61ceb55e64491b0b6d - [32m154.797[39m ms
2021-01-11, 10:48:23 a.m. [GDCT] info: GET [32m304[39m /COA_manager/COATrees/sheetName/5eadeba4ceb55e64491b0b71 - [32m147.438[39m ms
2021-01-11, 10:48:23 a.m. [GDCT] info: GET [32m304[39m /COA_manager/COATrees/sheetName/5eadeb8eceb55e64491b0b70 - [32m151.245[39m ms
2021-01-11, 10:48:23 a.m. [GDCT] info: GET [32m304[39m /COA_manager/COATrees/sheetName/5eade9d2ceb55e64491b0b6b - [32m136.171[39m ms
2021-01-11, 10:48:23 a.m. [GDCT] info: GET [32m304[39m /COA_manager/COATrees/sheetName/5eadec19ceb55e64491b0b74 - [32m135.883[39m ms
2021-01-11, 10:48:23 a.m. [GDCT] info: GET [32m304[39m /COA_manager/COATrees/sheetName/5eade95eceb55e64491b0b67 - [32m103.870[39m ms
2021-01-11, 10:48:23 a.m. [GDCT] info: GET [32m304[39m /COA_manager/COATrees/sheetName/5eadeb75ceb55e64491b0b6e - [32m101.734[39m ms
2021-01-11, 10:48:23 a.m. [GDCT] info: GET [32m304[39m /COA_manager/COATrees/sheetName/5eade90dceb55e64491b0b65 - [32m113.047[39m ms
2021-01-11, 10:53:45 a.m. [GDCT] info: GET [31m401[39m /profile - [32m1.580[39m ms
2021-01-11, 10:53:48 a.m. [GDCT] info: POST [32m200[39m /login - [32m423.910[39m ms
2021-01-11, 10:53:48 a.m. [GDCT] info: POST [32m200[39m /login - [32m473.308[39m ms
2021-01-11, 10:53:48 a.m. [GDCT] info: GET [32m304[39m /Menus - [32m411.537[39m ms
2021-01-11, 10:53:49 a.m. [GDCT] info: GET [32m304[39m /Menus - [32m205.915[39m ms
2021-01-11, 10:53:53 a.m. [GDCT] info: GET [32m304[39m /sheetNames - [32m174.034[39m ms
2021-01-11, 10:53:53 a.m. [GDCT] info: GET [32m304[39m /sheetNames - [32m129.627[39m ms
2021-01-11, 10:53:54 a.m. [GDCT] info: GET [32m304[39m /COA_manager/COATrees/sheetName/5eadecc1ceb55e64491b0b80 - [32m112.279[39m ms
2021-01-11, 10:53:54 a.m. [GDCT] info: GET [32m304[39m /COA_manager/COATrees/sheetName/5eadec62ceb55e64491b0b77 - [32m109.263[39m ms
2021-01-11, 10:53:54 a.m. [GDCT] info: GET [32m304[39m /COA_manager/COATrees/sheetName/5eadea25ceb55e64491b0b6c - [32m113.726[39m ms
2021-01-11, 10:53:54 a.m. [GDCT] info: GET [32m304[39m /COA_manager/COATrees/sheetName/5eade920ceb55e64491b0b66 - [32m125.942[39m ms
2021-01-11, 10:53:54 a.m. [GDCT] info: GET [32m304[39m /COA_manager/COATrees/sheetName/5eac8ae29a8fe3217fe81f87 - [32m123.808[39m ms
2021-01-11, 10:53:54 a.m. [GDCT] info: GET [32m304[39m /COA_manager/COATrees/sheetName/5eade987ceb55e64491b0b68 - [32m145.301[39m ms
2021-01-11, 10:53:54 a.m. [GDCT] info: GET [32m304[39m /COA_manager/COATrees/sheetName/5eadec31ceb55e64491b0b75 - [32m101.246[39m ms
2021-01-11, 10:53:54 a.m. [GDCT] info: GET [32m304[39m /COA_manager/COATrees/sheetName/5f1ee59ad181ae43d04c9bd6 - [32m112.753[39m ms
2021-01-11, 10:53:54 a.m. [GDCT] info: GET [32m304[39m /COA_manager/COATrees/sheetName/5eade8e6ceb55e64491b0b63 - [32m130.273[39m ms
2021-01-11, 10:53:54 a.m. [GDCT] info: GET [32m304[39m /COA_manager/COATrees/sheetName/5eadebbaceb55e64491b0b72 - [32m113.959[39m ms
2021-01-11, 10:53:54 a.m. [GDCT] info: GET [32m304[39m /COA_manager/COATrees/sheetName/5eadec49ceb55e64491b0b76 - [32m110.815[39m ms
2021-01-11, 10:53:54 a.m. [GDCT] info: GET [32m304[39m /COA_manager/COATrees/sheetName/5eade9a6ceb55e64491b0b69 - [32m108.567[39m ms
2021-01-11, 10:53:54 a.m. [GDCT] info: GET [32m304[39m /COA_manager/COATrees/sheetName/5eadebfbceb55e64491b0b73 - [32m104.972[39m ms
2021-01-11, 10:53:54 a.m. [GDCT] info: GET [32m304[39m /COA_manager/COATrees/sheetName/5eadeb61ceb55e64491b0b6d - [32m125.855[39m ms
2021-01-11, 10:53:54 a.m. [GDCT] info: GET [32m304[39m /COA_manager/COATrees/sheetName/5eadeb8eceb55e64491b0b70 - [32m175.786[39m ms
2021-01-11, 10:53:54 a.m. [GDCT] info: GET [32m304[39m /COA_manager/COATrees/sheetName/5eade9bbceb55e64491b0b6a - [32m160.528[39m ms
2021-01-11, 10:53:54 a.m. [GDCT] info: GET [32m304[39m /COA_manager/COATrees/sheetName/5eadeba4ceb55e64491b0b71 - [32m141.754[39m ms
2021-01-11, 10:53:54 a.m. [GDCT] info: GET [32m304[39m /COA_manager/COATrees/sheetName/5eade8fcceb55e64491b0b64 - [32m145.851[39m ms
2021-01-11, 10:53:54 a.m. [GDCT] info: GET [32m304[39m /COA_manager/COATrees/sheetName/5eade9d2ceb55e64491b0b6b - [32m121.259[39m ms
2021-01-11, 10:53:54 a.m. [GDCT] info: GET [32m304[39m /COA_manager/COATrees/sheetName/5eadec19ceb55e64491b0b74 - [32m117.962[39m ms
2021-01-11, 10:53:54 a.m. [GDCT] info: GET [32m304[39m /COA_manager/COATrees/sheetName/5eade90dceb55e64491b0b65 - [32m117.043[39m ms
2021-01-11, 10:53:54 a.m. [GDCT] info: GET [32m304[39m /COA_manager/COATrees/sheetName/5eade95eceb55e64491b0b67 - [32m116.509[39m ms
2021-01-11, 10:53:54 a.m. [GDCT] info: GET [32m304[39m /COA_manager/COATrees/sheetName/5eadeb75ceb55e64491b0b6e - [32m126.373[39m ms
2021-01-11, 10:53:58 a.m. [GDCT] info: GET [32m304[39m /COA_manager/COATrees/sheetName/5eade987ceb55e64491b0b68 - [32m270.700[39m ms
2021-01-11, 10:53:58 a.m. [GDCT] info: DELETE [32m200[39m /COA_manager/COATrees/5ffc59938a903a3c500aa5fb - [32m264.928[39m ms
2021-01-11, 10:54:08 a.m. [GDCT] info: GET [32m200[39m /COA_manager/COATrees/sheetName/5eade987ceb55e64491b0b68 - [32m117.101[39m ms
2021-01-11, 10:54:09 a.m. [GDCT] info: GET [32m304[39m /COA_manager/COAs - [32m258.880[39m ms
2021-01-11, 10:54:10 a.m. [GDCT] info: GET [32m304[39m /COA_manager/COATrees/sheetName/5eade987ceb55e64491b0b68 - [32m108.534[39m ms
2021-01-11, 10:54:15 a.m. [GDCT] info: GET [32m304[39m /profile - [32m82.040[39m ms
2021-01-11, 10:54:15 a.m. [GDCT] info: GET [32m304[39m /COA_manager/COAs - [32m233.663[39m ms
2021-01-11, 10:54:15 a.m. [GDCT] info: GET [32m304[39m /Menus - [32m246.567[39m ms
2021-01-11, 10:54:15 a.m. [GDCT] info: GET [32m304[39m /COA_manager/COATrees/sheetName/5eade987ceb55e64491b0b68 - [32m140.209[39m ms
2021-01-11, 10:54:16 a.m. [GDCT] info: GET [32m304[39m /sheetNames - [32m104.289[39m ms
2021-01-11, 10:54:17 a.m. [GDCT] info: GET [32m304[39m /sheetNames - [32m110.356[39m ms
2021-01-11, 10:54:17 a.m. [GDCT] info: GET [32m304[39m /COA_manager/COATrees/sheetName/5eadec62ceb55e64491b0b77 - [32m105.173[39m ms
2021-01-11, 10:54:17 a.m. [GDCT] info: GET [32m304[39m /COA_manager/COATrees/sheetName/5eadea25ceb55e64491b0b6c - [32m113.743[39m ms
2021-01-11, 10:54:17 a.m. [GDCT] info: GET [32m304[39m /COA_manager/COATrees/sheetName/5eadecc1ceb55e64491b0b80 - [32m120.847[39m ms
2021-01-11, 10:54:17 a.m. [GDCT] info: GET [32m304[39m /COA_manager/COATrees/sheetName/5eade987ceb55e64491b0b68 - [32m125.804[39m ms
2021-01-11, 10:54:17 a.m. [GDCT] info: GET [32m304[39m /COA_manager/COATrees/sheetName/5eade920ceb55e64491b0b66 - [32m112.489[39m ms
2021-01-11, 10:54:17 a.m. [GDCT] info: GET [32m304[39m /COA_manager/COATrees/sheetName/5eac8ae29a8fe3217fe81f87 - [32m106.436[39m ms
2021-01-11, 10:54:17 a.m. [GDCT] info: GET [32m304[39m /COA_manager/COATrees/sheetName/5eadec31ceb55e64491b0b75 - [32m119.574[39m ms
2021-01-11, 10:54:17 a.m. [GDCT] info: GET [32m304[39m /COA_manager/COATrees/sheetName/5f1ee59ad181ae43d04c9bd6 - [32m125.742[39m ms
2021-01-11, 10:54:17 a.m. [GDCT] info: GET [32m304[39m /COA_manager/COATrees/sheetName/5eade9a6ceb55e64491b0b69 - [32m115.015[39m ms
2021-01-11, 10:54:17 a.m. [GDCT] info: GET [32m304[39m /COA_manager/COATrees/sheetName/5eadec49ceb55e64491b0b76 - [32m116.236[39m ms
2021-01-11, 10:54:17 a.m. [GDCT] info: GET [32m304[39m /COA_manager/COATrees/sheetName/5eadebbaceb55e64491b0b72 - [32m121.827[39m ms
2021-01-11, 10:54:17 a.m. [GDCT] info: GET [32m304[39m /COA_manager/COATrees/sheetName/5eade8e6ceb55e64491b0b63 - [32m124.692[39m ms
2021-01-11, 10:54:17 a.m. [GDCT] info: GET [32m304[39m /COA_manager/COATrees/sheetName/5eadeb61ceb55e64491b0b6d - [32m109.709[39m ms
2021-01-11, 10:54:17 a.m. [GDCT] info: GET [32m304[39m /COA_manager/COATrees/sheetName/5eadebfbceb55e64491b0b73 - [32m107.896[39m ms
2021-01-11, 10:54:17 a.m. [GDCT] info: GET [32m304[39m /COA_manager/COATrees/sheetName/5eadeb8eceb55e64491b0b70 - [32m104.905[39m ms
2021-01-11, 10:54:17 a.m. [GDCT] info: GET [32m304[39m /COA_manager/COATrees/sheetName/5eadeba4ceb55e64491b0b71 - [32m122.886[39m ms
2021-01-11, 10:54:17 a.m. [GDCT] info: GET [32m304[39m /COA_manager/COATrees/sheetName/5eade8fcceb55e64491b0b64 - [32m123.653[39m ms
2021-01-11, 10:54:17 a.m. [GDCT] info: GET [32m304[39m /COA_manager/COATrees/sheetName/5eade9bbceb55e64491b0b6a - [32m112.067[39m ms
2021-01-11, 10:54:17 a.m. [GDCT] info: GET [32m304[39m /COA_manager/COATrees/sheetName/5eade9d2ceb55e64491b0b6b - [32m144.930[39m ms
2021-01-11, 10:54:17 a.m. [GDCT] info: GET [32m304[39m /COA_manager/COATrees/sheetName/5eadec19ceb55e64491b0b74 - [32m147.530[39m ms
2021-01-11, 10:54:17 a.m. [GDCT] info: GET [32m304[39m /COA_manager/COATrees/sheetName/5eade90dceb55e64491b0b65 - [32m153.153[39m ms
2021-01-11, 10:54:17 a.m. [GDCT] info: GET [32m304[39m /COA_manager/COATrees/sheetName/5eade95eceb55e64491b0b67 - [32m126.430[39m ms
2021-01-11, 10:54:17 a.m. [GDCT] info: GET [32m304[39m /COA_manager/COATrees/sheetName/5eadeb75ceb55e64491b0b6e - [32m92.690[39m ms
2021-01-11, 10:54:32 a.m. [GDCT] info: GET [32m304[39m /Menus - [32m201.666[39m ms
2021-01-11, 10:54:34 a.m. [GDCT] info: GET [32m304[39m /COA_manager/COAs - [32m276.756[39m ms
2021-01-11, 10:54:34 a.m. [GDCT] info: GET [32m304[39m /COA_manager/COATrees/sheetName/5eade987ceb55e64491b0b68 - [32m104.621[39m ms
2021-01-11, 10:54:35 a.m. [GDCT] info: GET [32m304[39m /COA_manager/COAGroups - [32m123.098[39m ms
2021-01-11, 10:54:37 a.m. [GDCT] info: POST [32m200[39m /COA_manager/COATrees - [32m275.565[39m ms
2021-01-11, 10:54:37 a.m. [GDCT] info: POST [32m200[39m /COA_manager/COATrees - [32m253.456[39m ms
2021-01-11, 10:54:44 a.m. [GDCT] info: GET [32m304[39m /COA_manager/COAGroups - [32m160.221[39m ms
2021-01-11, 10:54:46 a.m. [GDCT] info: POST [32m200[39m /COA_manager/COATrees - [32m165.412[39m ms
2021-01-11, 10:54:48 a.m. [GDCT] info: GET [32m304[39m /COA_manager/COAs - [32m346.582[39m ms
2021-01-11, 10:54:57 a.m. [GDCT] info: GET [32m304[39m /sheetNames - [32m113.297[39m ms
2021-01-11, 10:54:57 a.m. [GDCT] info: GET [32m304[39m /sheetNames - [32m102.065[39m ms
2021-01-11, 10:54:57 a.m. [GDCT] info: GET [32m304[39m /COA_manager/COATrees/sheetName/5eadecc1ceb55e64491b0b80 - [32m118.673[39m ms
2021-01-11, 10:54:58 a.m. [GDCT] info: GET [32m304[39m /COA_manager/COATrees/sheetName/5eade920ceb55e64491b0b66 - [32m159.738[39m ms
2021-01-11, 10:54:58 a.m. [GDCT] info: GET [32m304[39m /COA_manager/COATrees/sheetName/5eac8ae29a8fe3217fe81f87 - [32m157.710[39m ms
2021-01-11, 10:54:58 a.m. [GDCT] info: GET [32m304[39m /COA_manager/COATrees/sheetName/5eadec31ceb55e64491b0b75 - [32m118.000[39m ms
2021-01-11, 10:54:58 a.m. [GDCT] info: GET [32m304[39m /COA_manager/COATrees/sheetName/5f1ee59ad181ae43d04c9bd6 - [32m105.030[39m ms
2021-01-11, 10:54:58 a.m. [GDCT] info: GET [32m304[39m /COA_manager/COATrees/sheetName/5eade8e6ceb55e64491b0b63 - [32m103.269[39m ms
2021-01-11, 10:54:58 a.m. [GDCT] info: GET [32m304[39m /COA_manager/COATrees/sheetName/5eadec62ceb55e64491b0b77 - [32m412.457[39m ms
2021-01-11, 10:54:58 a.m. [GDCT] info: GET [32m304[39m /COA_manager/COATrees/sheetName/5eadea25ceb55e64491b0b6c - [32m413.359[39m ms
2021-01-11, 10:54:58 a.m. [GDCT] info: GET [32m304[39m /COA_manager/COATrees/sheetName/5eadebbaceb55e64491b0b72 - [32m100.750[39m ms
2021-01-11, 10:54:58 a.m. [GDCT] info: GET [32m304[39m /COA_manager/COATrees/sheetName/5eade9a6ceb55e64491b0b69 - [32m96.000[39m ms
2021-01-11, 10:54:58 a.m. [GDCT] info: GET [32m304[39m /COA_manager/COATrees/sheetName/5eadec49ceb55e64491b0b76 - [32m108.335[39m ms
2021-01-11, 10:54:58 a.m. [GDCT] info: GET [32m304[39m /COA_manager/COATrees/sheetName/5eadebfbceb55e64491b0b73 - [32m102.213[39m ms
2021-01-11, 10:54:58 a.m. [GDCT] info: GET [32m304[39m /COA_manager/COATrees/sheetName/5eadeb61ceb55e64491b0b6d - [32m103.478[39m ms
2021-01-11, 10:54:58 a.m. [GDCT] info: GET [32m304[39m /COA_manager/COATrees/sheetName/5eadeb8eceb55e64491b0b70 - [32m93.653[39m ms
2021-01-11, 10:54:58 a.m. [GDCT] info: GET [32m304[39m /COA_manager/COATrees/sheetName/5eade9bbceb55e64491b0b6a - [32m94.488[39m ms
2021-01-11, 10:54:58 a.m. [GDCT] info: GET [32m304[39m /COA_manager/COATrees/sheetName/5eade8fcceb55e64491b0b64 - [32m99.910[39m ms
2021-01-11, 10:54:58 a.m. [GDCT] info: GET [32m304[39m /COA_manager/COATrees/sheetName/5eadeba4ceb55e64491b0b71 - [32m103.478[39m ms
2021-01-11, 10:54:58 a.m. [GDCT] info: GET [32m304[39m /COA_manager/COATrees/sheetName/5eade9d2ceb55e64491b0b6b - [32m100.758[39m ms
2021-01-11, 10:54:58 a.m. [GDCT] info: GET [32m304[39m /COA_manager/COATrees/sheetName/5eadec19ceb55e64491b0b74 - [32m124.573[39m ms
2021-01-11, 10:54:58 a.m. [GDCT] info: GET [32m304[39m /COA_manager/COATrees/sheetName/5eade90dceb55e64491b0b65 - [32m121.126[39m ms
2021-01-11, 10:54:58 a.m. [GDCT] info: GET [32m304[39m /COA_manager/COATrees/sheetName/5eade95eceb55e64491b0b67 - [32m126.659[39m ms
2021-01-11, 10:54:58 a.m. [GDCT] info: GET [32m304[39m /COA_manager/COATrees/sheetName/5eadeb75ceb55e64491b0b6e - [32m122.637[39m ms
2021-01-11, 10:55:00 a.m. [GDCT] info: PUT [32m200[39m /COA_manager/COATrees/sheetName/5eade987ceb55e64491b0b68 - [32m-[39m ms
2021-01-11, 10:55:01 a.m. [GDCT] info: GET [32m304[39m /profile - [32m77.251[39m ms
2021-01-11, 10:55:02 a.m. [GDCT] info: GET [32m304[39m /sheetNames - [32m106.836[39m ms
2021-01-11, 10:55:02 a.m. [GDCT] info: GET [32m304[39m /Menus - [32m205.636[39m ms
2021-01-11, 10:55:02 a.m. [GDCT] info: GET [32m304[39m /sheetNames - [32m175.343[39m ms
2021-01-11, 10:55:02 a.m. [GDCT] info: GET [32m304[39m /COA_manager/COATrees/sheetName/5eadecc1ceb55e64491b0b80 - [32m115.158[39m ms
2021-01-11, 10:55:02 a.m. [GDCT] info: GET [32m304[39m /COA_manager/COATrees/sheetName/5eadec62ceb55e64491b0b77 - [32m114.590[39m ms
2021-01-11, 10:55:02 a.m. [GDCT] info: GET [32m304[39m /COA_manager/COATrees/sheetName/5eadea25ceb55e64491b0b6c - [32m115.742[39m ms
2021-01-11, 10:55:02 a.m. [GDCT] info: GET [32m304[39m /COA_manager/COATrees/sheetName/5eac8ae29a8fe3217fe81f87 - [32m113.715[39m ms
2021-01-11, 10:55:02 a.m. [GDCT] info: GET [32m304[39m /COA_manager/COATrees/sheetName/5eade920ceb55e64491b0b66 - [32m134.614[39m ms
2021-01-11, 10:55:02 a.m. [GDCT] info: GET [32m200[39m /COA_manager/COATrees/sheetName/5eade987ceb55e64491b0b68 - [32m149.279[39m ms
2021-01-11, 10:55:02 a.m. [GDCT] info: GET [32m304[39m /COA_manager/COATrees/sheetName/5eadec31ceb55e64491b0b75 - [32m95.475[39m ms
2021-01-11, 10:55:03 a.m. [GDCT] info: GET [32m304[39m /COA_manager/COATrees/sheetName/5f1ee59ad181ae43d04c9bd6 - [32m96.953[39m ms
2021-01-11, 10:55:03 a.m. [GDCT] info: GET [32m304[39m /COA_manager/COATrees/sheetName/5eadebbaceb55e64491b0b72 - [32m108.969[39m ms
2021-01-11, 10:55:03 a.m. [GDCT] info: GET [32m304[39m /COA_manager/COATrees/sheetName/5eade8e6ceb55e64491b0b63 - [32m119.215[39m ms
2021-01-11, 10:55:03 a.m. [GDCT] info: GET [32m304[39m /COA_manager/COATrees/sheetName/5eadec49ceb55e64491b0b76 - [32m96.522[39m ms
2021-01-11, 10:55:03 a.m. [GDCT] info: GET [32m304[39m /COA_manager/COATrees/sheetName/5eade9a6ceb55e64491b0b69 - [32m96.502[39m ms
2021-01-11, 10:55:03 a.m. [GDCT] info: GET [32m304[39m /COA_manager/COATrees/sheetName/5eadeb61ceb55e64491b0b6d - [32m115.249[39m ms
2021-01-11, 10:55:03 a.m. [GDCT] info: GET [32m304[39m /COA_manager/COATrees/sheetName/5eadeb8eceb55e64491b0b70 - [32m109.840[39m ms
2021-01-11, 10:55:03 a.m. [GDCT] info: GET [32m304[39m /COA_manager/COATrees/sheetName/5eade9bbceb55e64491b0b6a - [32m100.159[39m ms
2021-01-11, 10:55:03 a.m. [GDCT] info: GET [32m304[39m /COA_manager/COATrees/sheetName/5eade8fcceb55e64491b0b64 - [32m129.939[39m ms
2021-01-11, 10:55:03 a.m. [GDCT] info: GET [32m304[39m /COA_manager/COATrees/sheetName/5eadeba4ceb55e64491b0b71 - [32m128.338[39m ms
2021-01-11, 10:55:03 a.m. [GDCT] info: GET [32m304[39m /COA_manager/COATrees/sheetName/5eade9d2ceb55e64491b0b6b - [32m111.434[39m ms
2021-01-11, 10:55:03 a.m. [GDCT] info: GET [32m304[39m /COA_manager/COATrees/sheetName/5eade90dceb55e64491b0b65 - [32m117.869[39m ms
2021-01-11, 10:55:03 a.m. [GDCT] info: GET [32m304[39m /COA_manager/COATrees/sheetName/5eadec19ceb55e64491b0b74 - [32m121.263[39m ms
2021-01-11, 10:55:03 a.m. [GDCT] info: GET [32m304[39m /COA_manager/COATrees/sheetName/5eade95eceb55e64491b0b67 - [32m130.375[39m ms
2021-01-11, 10:55:03 a.m. [GDCT] info: GET [32m304[39m /COA_manager/COATrees/sheetName/5eadeb75ceb55e64491b0b6e - [32m133.947[39m ms
2021-01-11, 10:55:03 a.m. [GDCT] info: GET [32m304[39m /COA_manager/COATrees/sheetName/5eadebfbceb55e64491b0b73 - [32m360.439[39m ms
2021-01-11, 10:57:07 a.m. [GDCT] info: GET [32m304[39m /Menus - [32m225.604[39m ms
2021-01-11, 10:57:59 a.m. [GDCT] info: GET [32m304[39m /profile - [32m81.830[39m ms
2021-01-11, 10:58:00 a.m. [GDCT] info: GET [32m304[39m /sheetNames - [32m174.404[39m ms
2021-01-11, 10:58:00 a.m. [GDCT] info: GET [32m304[39m /Menus - [32m280.736[39m ms
2021-01-11, 10:58:00 a.m. [GDCT] info: GET [32m304[39m /sheetNames - [32m121.794[39m ms
2021-01-11, 10:58:00 a.m. [GDCT] info: GET [32m304[39m /COA_manager/COATrees/sheetName/5eadecc1ceb55e64491b0b80 - [32m95.581[39m ms
2021-01-11, 10:58:00 a.m. [GDCT] info: GET [32m304[39m /COA_manager/COATrees/sheetName/5eadea25ceb55e64491b0b6c - [32m98.725[39m ms
2021-01-11, 10:58:00 a.m. [GDCT] info: GET [32m304[39m /COA_manager/COATrees/sheetName/5eade920ceb55e64491b0b66 - [32m113.395[39m ms
2021-01-11, 10:58:00 a.m. [GDCT] info: GET [32m304[39m /COA_manager/COATrees/sheetName/5eac8ae29a8fe3217fe81f87 - [32m112.232[39m ms
2021-01-11, 10:58:00 a.m. [GDCT] info: GET [32m304[39m /COA_manager/COATrees/sheetName/5eadec62ceb55e64491b0b77 - [32m114.935[39m ms
2021-01-11, 10:58:00 a.m. [GDCT] info: GET [32m304[39m /COA_manager/COATrees/sheetName/5eade987ceb55e64491b0b68 - [32m127.185[39m ms
2021-01-11, 10:58:00 a.m. [GDCT] info: GET [32m304[39m /COA_manager/COATrees/sheetName/5eadec31ceb55e64491b0b75 - [32m170.628[39m ms
2021-01-11, 10:58:00 a.m. [GDCT] info: GET [32m304[39m /COA_manager/COATrees/sheetName/5f1ee59ad181ae43d04c9bd6 - [32m169.377[39m ms
2021-01-11, 10:58:00 a.m. [GDCT] info: GET [32m304[39m /COA_manager/COATrees/sheetName/5eade8e6ceb55e64491b0b63 - [32m179.197[39m ms
2021-01-11, 10:58:00 a.m. [GDCT] info: GET [32m304[39m /COA_manager/COATrees/sheetName/5eadec49ceb55e64491b0b76 - [32m178.300[39m ms
2021-01-11, 10:58:00 a.m. [GDCT] info: GET [32m304[39m /COA_manager/COATrees/sheetName/5eade9a6ceb55e64491b0b69 - [32m180.725[39m ms
2021-01-11, 10:58:00 a.m. [GDCT] info: GET [32m304[39m /COA_manager/COATrees/sheetName/5eadebbaceb55e64491b0b72 - [32m181.260[39m ms
2021-01-11, 10:58:00 a.m. [GDCT] info: GET [32m304[39m /COA_manager/COATrees/sheetName/5eadeb61ceb55e64491b0b6d - [32m125.201[39m ms
2021-01-11, 10:58:00 a.m. [GDCT] info: GET [32m304[39m /COA_manager/COATrees/sheetName/5eadebfbceb55e64491b0b73 - [32m125.209[39m ms
2021-01-11, 10:58:00 a.m. [GDCT] info: GET [32m304[39m /COA_manager/COATrees/sheetName/5eade9bbceb55e64491b0b6a - [32m103.136[39m ms
2021-01-11, 10:58:00 a.m. [GDCT] info: GET [32m304[39m /COA_manager/COATrees/sheetName/5eadeb8eceb55e64491b0b70 - [32m110.076[39m ms
2021-01-11, 10:58:00 a.m. [GDCT] info: GET [32m304[39m /COA_manager/COATrees/sheetName/5eade8fcceb55e64491b0b64 - [32m126.971[39m ms
2021-01-11, 10:58:00 a.m. [GDCT] info: GET [32m304[39m /COA_manager/COATrees/sheetName/5eadeba4ceb55e64491b0b71 - [32m125.057[39m ms
2021-01-11, 10:58:00 a.m. [GDCT] info: GET [32m304[39m /COA_manager/COATrees/sheetName/5eade9d2ceb55e64491b0b6b - [32m102.841[39m ms
2021-01-11, 10:58:00 a.m. [GDCT] info: GET [32m304[39m /COA_manager/COATrees/sheetName/5eadec19ceb55e64491b0b74 - [32m108.800[39m ms
2021-01-11, 10:58:01 a.m. [GDCT] info: GET [32m304[39m /COA_manager/COATrees/sheetName/5eade90dceb55e64491b0b65 - [32m103.174[39m ms
2021-01-11, 10:58:01 a.m. [GDCT] info: GET [32m304[39m /COA_manager/COATrees/sheetName/5eade95eceb55e64491b0b67 - [32m103.465[39m ms
2021-01-11, 10:58:01 a.m. [GDCT] info: GET [32m304[39m /COA_manager/COATrees/sheetName/5eadeb75ceb55e64491b0b6e - [32m104.478[39m ms
2021-01-11, 10:58:11 a.m. [GDCT] info: GET [32m304[39m /COA_manager/COATrees/sheetName/5eade987ceb55e64491b0b68 - [32m144.032[39m ms
2021-01-11, 10:58:12 a.m. [GDCT] info: DELETE [32m200[39m /COA_manager/COATrees/5ffc74c58a903a3c500aa5ff - [32m176.957[39m ms
2021-01-11, 10:58:20 a.m. [GDCT] info: GET [32m304[39m /profile - [32m88.392[39m ms
2021-01-11, 10:58:20 a.m. [GDCT] info: GET [32m304[39m /sheetNames - [32m139.841[39m ms
2021-01-11, 10:58:20 a.m. [GDCT] info: GET [32m304[39m /Menus - [32m222.184[39m ms
2021-01-11, 10:58:21 a.m. [GDCT] info: GET [32m304[39m /sheetNames - [32m520.045[39m ms
2021-01-11, 10:58:21 a.m. [GDCT] info: GET [32m200[39m /COA_manager/COATrees/sheetName/5eade987ceb55e64491b0b68 - [32m151.734[39m ms
2021-01-11, 10:58:21 a.m. [GDCT] info: GET [32m304[39m /COA_manager/COATrees/sheetName/5eadecc1ceb55e64491b0b80 - [32m144.837[39m ms
2021-01-11, 10:58:21 a.m. [GDCT] info: GET [32m304[39m /COA_manager/COATrees/sheetName/5eadea25ceb55e64491b0b6c - [32m145.728[39m ms
2021-01-11, 10:58:21 a.m. [GDCT] info: GET [32m304[39m /COA_manager/COATrees/sheetName/5eadec62ceb55e64491b0b77 - [32m141.793[39m ms
2021-01-11, 10:58:21 a.m. [GDCT] info: GET [32m304[39m /COA_manager/COATrees/sheetName/5eac8ae29a8fe3217fe81f87 - [32m124.180[39m ms
2021-01-11, 10:58:21 a.m. [GDCT] info: GET [32m304[39m /COA_manager/COATrees/sheetName/5eade920ceb55e64491b0b66 - [32m140.362[39m ms
2021-01-11, 10:58:21 a.m. [GDCT] info: GET [32m304[39m /COA_manager/COATrees/sheetName/5eadec31ceb55e64491b0b75 - [32m132.223[39m ms
2021-01-11, 10:58:21 a.m. [GDCT] info: GET [32m304[39m /COA_manager/COATrees/sheetName/5eade8e6ceb55e64491b0b63 - [32m179.095[39m ms
2021-01-11, 10:58:21 a.m. [GDCT] info: GET [32m304[39m /COA_manager/COATrees/sheetName/5f1ee59ad181ae43d04c9bd6 - [32m180.583[39m ms
2021-01-11, 10:58:21 a.m. [GDCT] info: GET [32m304[39m /COA_manager/COATrees/sheetName/5eadebbaceb55e64491b0b72 - [32m180.794[39m ms
2021-01-11, 10:58:21 a.m. [GDCT] info: GET [32m304[39m /COA_manager/COATrees/sheetName/5eade9a6ceb55e64491b0b69 - [32m178.890[39m ms
2021-01-11, 10:58:21 a.m. [GDCT] info: GET [32m304[39m /COA_manager/COATrees/sheetName/5eadec49ceb55e64491b0b76 - [32m181.897[39m ms
2021-01-11, 10:58:21 a.m. [GDCT] info: GET [32m304[39m /COA_manager/COATrees/sheetName/5eadeb61ceb55e64491b0b6d - [32m134.177[39m ms
2021-01-11, 10:58:21 a.m. [GDCT] info: GET [32m304[39m /COA_manager/COATrees/sheetName/5eadeb8eceb55e64491b0b70 - [32m135.239[39m ms
2021-01-11, 10:58:21 a.m. [GDCT] info: GET [32m304[39m /COA_manager/COATrees/sheetName/5eade8fcceb55e64491b0b64 - [32m132.522[39m ms
2021-01-11, 10:58:21 a.m. [GDCT] info: GET [32m304[39m /COA_manager/COATrees/sheetName/5eadeba4ceb55e64491b0b71 - [32m130.806[39m ms
2021-01-11, 10:58:21 a.m. [GDCT] info: GET [32m304[39m /COA_manager/COATrees/sheetName/5eade9bbceb55e64491b0b6a - [32m132.086[39m ms
2021-01-11, 10:58:21 a.m. [GDCT] info: GET [32m304[39m /COA_manager/COATrees/sheetName/5eadebfbceb55e64491b0b73 - [32m139.361[39m ms
2021-01-11, 10:58:22 a.m. [GDCT] info: GET [32m304[39m /COA_manager/COATrees/sheetName/5eade9d2ceb55e64491b0b6b - [32m110.371[39m ms
2021-01-11, 10:58:22 a.m. [GDCT] info: GET [32m304[39m /COA_manager/COATrees/sheetName/5eade90dceb55e64491b0b65 - [32m113.204[39m ms
2021-01-11, 10:58:22 a.m. [GDCT] info: GET [32m304[39m /COA_manager/COATrees/sheetName/5eadeb75ceb55e64491b0b6e - [32m104.266[39m ms
2021-01-11, 10:58:22 a.m. [GDCT] info: GET [32m304[39m /COA_manager/COATrees/sheetName/5eadec19ceb55e64491b0b74 - [32m117.988[39m ms
2021-01-11, 10:58:22 a.m. [GDCT] info: GET [32m304[39m /COA_manager/COATrees/sheetName/5eade95eceb55e64491b0b67 - [32m118.084[39m ms
2021-01-11, 10:58:30 a.m. [GDCT] info: GET [32m304[39m /COA_manager/COAs - [32m179.079[39m ms
2021-01-11, 10:58:30 a.m. [GDCT] info: GET [32m304[39m /COA_manager/COATrees/sheetName/5eade987ceb55e64491b0b68 - [32m91.954[39m ms
2021-01-11, 10:58:31 a.m. [GDCT] info: GET [32m304[39m /COA_manager/COAGroups - [32m106.701[39m ms
2021-01-11, 10:58:33 a.m. [GDCT] info: POST [32m200[39m /COA_manager/COATrees - [32m182.544[39m ms
2021-01-11, 10:58:34 a.m. [GDCT] info: GET [32m304[39m /COA_manager/COAs - [32m261.425[39m ms
2021-01-11, 10:58:39 a.m. [GDCT] info: PUT [32m200[39m /COA_manager/COATrees/sheetName/5eade987ceb55e64491b0b68 - [32m223.305[39m ms
2021-01-11, 10:58:44 a.m. [GDCT] info: GET [32m304[39m /sheetNames - [32m144.490[39m ms
2021-01-11, 10:58:44 a.m. [GDCT] info: GET [32m304[39m /sheetNames - [32m99.221[39m ms
2021-01-11, 10:58:44 a.m. [GDCT] info: GET [32m304[39m /COA_manager/COATrees/sheetName/5eac8ae29a8fe3217fe81f87 - [32m133.006[39m ms
2021-01-11, 10:58:44 a.m. [GDCT] info: GET [32m304[39m /COA_manager/COATrees/sheetName/5eadec62ceb55e64491b0b77 - [32m140.406[39m ms
2021-01-11, 10:58:44 a.m. [GDCT] info: GET [32m304[39m /COA_manager/COATrees/sheetName/5eadea25ceb55e64491b0b6c - [32m143.567[39m ms
2021-01-11, 10:58:44 a.m. [GDCT] info: GET [32m304[39m /COA_manager/COATrees/sheetName/5eade920ceb55e64491b0b66 - [32m139.737[39m ms
2021-01-11, 10:58:44 a.m. [GDCT] info: GET [32m304[39m /COA_manager/COATrees/sheetName/5eadecc1ceb55e64491b0b80 - [32m145.165[39m ms
2021-01-11, 10:58:45 a.m. [GDCT] info: GET [32m200[39m /COA_manager/COATrees/sheetName/5eade987ceb55e64491b0b68 - [32m185.476[39m ms
2021-01-11, 10:58:45 a.m. [GDCT] info: GET [32m304[39m /COA_manager/COATrees/sheetName/5f1ee59ad181ae43d04c9bd6 - [32m97.826[39m ms
2021-01-11, 10:58:45 a.m. [GDCT] info: GET [32m304[39m /COA_manager/COATrees/sheetName/5eade8e6ceb55e64491b0b63 - [32m106.764[39m ms
2021-01-11, 10:58:45 a.m. [GDCT] info: GET [32m304[39m /COA_manager/COATrees/sheetName/5eadec31ceb55e64491b0b75 - [32m114.852[39m ms
2021-01-11, 10:58:45 a.m. [GDCT] info: GET [32m304[39m /COA_manager/COATrees/sheetName/5eadebbaceb55e64491b0b72 - [32m115.435[39m ms
2021-01-11, 10:58:45 a.m. [GDCT] info: GET [32m304[39m /COA_manager/COATrees/sheetName/5eadec49ceb55e64491b0b76 - [32m124.162[39m ms
2021-01-11, 10:58:45 a.m. [GDCT] info: GET [32m304[39m /COA_manager/COATrees/sheetName/5eade9a6ceb55e64491b0b69 - [32m121.651[39m ms
2021-01-11, 10:58:45 a.m. [GDCT] info: GET [32m304[39m /COA_manager/COATrees/sheetName/5eadeb61ceb55e64491b0b6d - [32m148.648[39m ms
2021-01-11, 10:58:45 a.m. [GDCT] info: GET [32m304[39m /COA_manager/COATrees/sheetName/5eadebfbceb55e64491b0b73 - [32m136.722[39m ms
2021-01-11, 10:58:45 a.m. [GDCT] info: GET [32m304[39m /COA_manager/COATrees/sheetName/5eade9bbceb55e64491b0b6a - [32m145.777[39m ms
2021-01-11, 10:58:45 a.m. [GDCT] info: GET [32m304[39m /COA_manager/COATrees/sheetName/5eade8fcceb55e64491b0b64 - [32m144.571[39m ms
2021-01-11, 10:58:45 a.m. [GDCT] info: GET [32m304[39m /COA_manager/COATrees/sheetName/5eadeb8eceb55e64491b0b70 - [32m150.275[39m ms
2021-01-11, 10:58:45 a.m. [GDCT] info: GET [32m304[39m /COA_manager/COATrees/sheetName/5eadeba4ceb55e64491b0b71 - [32m144.518[39m ms
2021-01-11, 10:58:45 a.m. [GDCT] info: GET [32m304[39m /COA_manager/COATrees/sheetName/5eade9d2ceb55e64491b0b6b - [32m116.764[39m ms
2021-01-11, 10:58:45 a.m. [GDCT] info: GET [32m304[39m /COA_manager/COATrees/sheetName/5eadec19ceb55e64491b0b74 - [32m109.618[39m ms
2021-01-11, 10:58:45 a.m. [GDCT] info: GET [32m304[39m /COA_manager/COATrees/sheetName/5eade90dceb55e64491b0b65 - [32m118.816[39m ms
2021-01-11, 10:58:45 a.m. [GDCT] info: GET [32m304[39m /COA_manager/COATrees/sheetName/5eadeb75ceb55e64491b0b6e - [32m117.044[39m ms
2021-01-11, 10:58:45 a.m. [GDCT] info: GET [32m304[39m /COA_manager/COATrees/sheetName/5eade95eceb55e64491b0b67 - [32m119.403[39m ms
2021-01-11, 11:01:58 a.m. [GDCT] info: GET [32m304[39m /profile - [32m71.764[39m ms
2021-01-11, 11:01:58 a.m. [GDCT] info: GET [32m304[39m /sheetNames - [32m149.506[39m ms
2021-01-11, 11:01:59 a.m. [GDCT] info: GET [32m304[39m /Menus - [32m237.310[39m ms
2021-01-11, 11:01:59 a.m. [GDCT] info: GET [32m304[39m /sheetNames - [32m141.411[39m ms
2021-01-11, 11:01:59 a.m. [GDCT] info: GET [32m304[39m /COA_manager/COATrees/sheetName/5eadecc1ceb55e64491b0b80 - [32m119.175[39m ms
2021-01-11, 11:01:59 a.m. [GDCT] info: GET [32m304[39m /COA_manager/COATrees/sheetName/5eadec62ceb55e64491b0b77 - [32m117.101[39m ms
2021-01-11, 11:01:59 a.m. [GDCT] info: GET [32m304[39m /COA_manager/COATrees/sheetName/5eadea25ceb55e64491b0b6c - [32m138.337[39m ms
2021-01-11, 11:01:59 a.m. [GDCT] info: GET [32m304[39m /COA_manager/COATrees/sheetName/5eade987ceb55e64491b0b68 - [32m142.757[39m ms
2021-01-11, 11:01:59 a.m. [GDCT] info: GET [32m304[39m /COA_manager/COATrees/sheetName/5eade920ceb55e64491b0b66 - [32m138.514[39m ms
2021-01-11, 11:01:59 a.m. [GDCT] info: GET [32m304[39m /COA_manager/COATrees/sheetName/5eac8ae29a8fe3217fe81f87 - [32m135.499[39m ms
2021-01-11, 11:01:59 a.m. [GDCT] info: GET [32m304[39m /COA_manager/COATrees/sheetName/5eadec31ceb55e64491b0b75 - [32m119.155[39m ms
2021-01-11, 11:01:59 a.m. [GDCT] info: GET [32m304[39m /COA_manager/COATrees/sheetName/5f1ee59ad181ae43d04c9bd6 - [32m131.185[39m ms
2021-01-11, 11:01:59 a.m. [GDCT] info: GET [32m304[39m /COA_manager/COATrees/sheetName/5eade9a6ceb55e64491b0b69 - [32m109.340[39m ms
2021-01-11, 11:01:59 a.m. [GDCT] info: GET [32m304[39m /COA_manager/COATrees/sheetName/5eadec49ceb55e64491b0b76 - [32m111.213[39m ms
2021-01-11, 11:01:59 a.m. [GDCT] info: GET [32m304[39m /COA_manager/COATrees/sheetName/5eade8e6ceb55e64491b0b63 - [32m127.729[39m ms
2021-01-11, 11:01:59 a.m. [GDCT] info: GET [32m304[39m /COA_manager/COATrees/sheetName/5eadebbaceb55e64491b0b72 - [32m126.022[39m ms
2021-01-11, 11:01:59 a.m. [GDCT] info: GET [32m304[39m /COA_manager/COATrees/sheetName/5eadeb61ceb55e64491b0b6d - [32m125.814[39m ms
2021-01-11, 11:01:59 a.m. [GDCT] info: GET [32m304[39m /COA_manager/COATrees/sheetName/5eadebfbceb55e64491b0b73 - [32m157.731[39m ms
2021-01-11, 11:01:59 a.m. [GDCT] info: GET [32m304[39m /COA_manager/COATrees/sheetName/5eadeb8eceb55e64491b0b70 - [32m155.513[39m ms
2021-01-11, 11:01:59 a.m. [GDCT] info: GET [32m304[39m /COA_manager/COATrees/sheetName/5eade9bbceb55e64491b0b6a - [32m144.059[39m ms
2021-01-11, 11:01:59 a.m. [GDCT] info: GET [32m304[39m /COA_manager/COATrees/sheetName/5eadeba4ceb55e64491b0b71 - [32m151.821[39m ms
2021-01-11, 11:01:59 a.m. [GDCT] info: GET [32m304[39m /COA_manager/COATrees/sheetName/5eade8fcceb55e64491b0b64 - [32m154.629[39m ms
2021-01-11, 11:01:59 a.m. [GDCT] info: GET [32m304[39m /COA_manager/COATrees/sheetName/5eade9d2ceb55e64491b0b6b - [32m175.410[39m ms
2021-01-11, 11:01:59 a.m. [GDCT] info: GET [32m304[39m /COA_manager/COATrees/sheetName/5eade95eceb55e64491b0b67 - [32m153.052[39m ms
2021-01-11, 11:01:59 a.m. [GDCT] info: GET [32m304[39m /COA_manager/COATrees/sheetName/5eadec19ceb55e64491b0b74 - [32m173.876[39m ms
2021-01-11, 11:01:59 a.m. [GDCT] info: GET [32m304[39m /COA_manager/COATrees/sheetName/5eade90dceb55e64491b0b65 - [32m174.196[39m ms
2021-01-11, 11:01:59 a.m. [GDCT] info: GET [32m304[39m /COA_manager/COATrees/sheetName/5eadeb75ceb55e64491b0b6e - [32m113.281[39m ms
2021-01-11, 11:02:31 a.m. [GDCT] info: GET [32m304[39m /COA_manager/COATrees/sheetName/5eade987ceb55e64491b0b68 - [32m142.825[39m ms
2021-01-11, 11:02:32 a.m. [GDCT] info: DELETE [32m200[39m /COA_manager/COATrees/5ffc75a98a903a3c500aa600 - [32m195.305[39m ms
2021-01-11, 11:03:02 a.m. [GDCT] info: GET [32m304[39m /profile - [32m68.767[39m ms
2021-01-11, 11:03:03 a.m. [GDCT] info: GET [32m304[39m /sheetNames - [32m154.715[39m ms
2021-01-11, 11:03:03 a.m. [GDCT] info: GET [32m304[39m /Menus - [32m341.734[39m ms
2021-01-11, 11:03:03 a.m. [GDCT] info: GET [32m304[39m /sheetNames - [32m219.124[39m ms
2021-01-11, 11:03:03 a.m. [GDCT] info: GET [32m304[39m /COA_manager/COATrees/sheetName/5eadecc1ceb55e64491b0b80 - [32m106.135[39m ms
2021-01-11, 11:03:03 a.m. [GDCT] info: GET [32m200[39m /COA_manager/COATrees/sheetName/5eade987ceb55e64491b0b68 - [32m108.505[39m ms
2021-01-11, 11:03:03 a.m. [GDCT] info: GET [32m304[39m /COA_manager/COATrees/sheetName/5eadea25ceb55e64491b0b6c - [32m104.516[39m ms
2021-01-11, 11:03:03 a.m. [GDCT] info: GET [32m304[39m /COA_manager/COATrees/sheetName/5eadec62ceb55e64491b0b77 - [32m123.311[39m ms
2021-01-11, 11:03:03 a.m. [GDCT] info: GET [32m304[39m /COA_manager/COATrees/sheetName/5eade920ceb55e64491b0b66 - [32m121.382[39m ms
2021-01-11, 11:03:03 a.m. [GDCT] info: GET [32m304[39m /COA_manager/COATrees/sheetName/5eac8ae29a8fe3217fe81f87 - [32m122.213[39m ms
2021-01-11, 11:03:03 a.m. [GDCT] info: GET [32m304[39m /COA_manager/COATrees/sheetName/5eadec31ceb55e64491b0b75 - [32m139.494[39m ms
2021-01-11, 11:03:03 a.m. [GDCT] info: GET [32m304[39m /COA_manager/COATrees/sheetName/5eade8e6ceb55e64491b0b63 - [32m134.518[39m ms
2021-01-11, 11:03:03 a.m. [GDCT] info: GET [32m304[39m /COA_manager/COATrees/sheetName/5f1ee59ad181ae43d04c9bd6 - [32m148.296[39m ms
2021-01-11, 11:03:03 a.m. [GDCT] info: GET [32m304[39m /COA_manager/COATrees/sheetName/5eade9a6ceb55e64491b0b69 - [32m143.176[39m ms
2021-01-11, 11:03:03 a.m. [GDCT] info: GET [32m304[39m /COA_manager/COATrees/sheetName/5eadec49ceb55e64491b0b76 - [32m143.766[39m ms
2021-01-11, 11:03:03 a.m. [GDCT] info: GET [32m304[39m /COA_manager/COATrees/sheetName/5eadebbaceb55e64491b0b72 - [32m151.820[39m ms
2021-01-11, 11:03:03 a.m. [GDCT] info: GET [32m304[39m /COA_manager/COATrees/sheetName/5eadeb8eceb55e64491b0b70 - [32m126.886[39m ms
2021-01-11, 11:03:03 a.m. [GDCT] info: GET [32m304[39m /COA_manager/COATrees/sheetName/5eadeb61ceb55e64491b0b6d - [32m128.040[39m ms
2021-01-11, 11:03:03 a.m. [GDCT] info: GET [32m304[39m /COA_manager/COATrees/sheetName/5eadebfbceb55e64491b0b73 - [32m127.987[39m ms
2021-01-11, 11:03:03 a.m. [GDCT] info: GET [32m304[39m /COA_manager/COATrees/sheetName/5eadeba4ceb55e64491b0b71 - [32m111.018[39m ms
2021-01-11, 11:03:03 a.m. [GDCT] info: GET [32m304[39m /COA_manager/COATrees/sheetName/5eade8fcceb55e64491b0b64 - [32m111.183[39m ms
2021-01-11, 11:03:03 a.m. [GDCT] info: GET [32m304[39m /COA_manager/COATrees/sheetName/5eade9bbceb55e64491b0b6a - [32m113.635[39m ms
2021-01-11, 11:03:04 a.m. [GDCT] info: GET [32m304[39m /COA_manager/COATrees/sheetName/5eadec19ceb55e64491b0b74 - [32m95.411[39m ms
2021-01-11, 11:03:04 a.m. [GDCT] info: GET [32m304[39m /COA_manager/COATrees/sheetName/5eade90dceb55e64491b0b65 - [32m97.139[39m ms
2021-01-11, 11:03:04 a.m. [GDCT] info: GET [32m304[39m /COA_manager/COATrees/sheetName/5eade9d2ceb55e64491b0b6b - [32m97.734[39m ms
2021-01-11, 11:03:04 a.m. [GDCT] info: GET [32m304[39m /COA_manager/COATrees/sheetName/5eade95eceb55e64491b0b67 - [32m122.101[39m ms
2021-01-11, 11:03:04 a.m. [GDCT] info: GET [32m304[39m /COA_manager/COATrees/sheetName/5eadeb75ceb55e64491b0b6e - [32m120.427[39m ms
2021-01-11, 11:03:07 a.m. [GDCT] info: GET [32m304[39m /Menus - [32m241.245[39m ms
2021-01-11, 11:03:10 a.m. [GDCT] info: GET [32m304[39m /Menus - [32m236.681[39m ms
2021-01-11, 11:03:10 a.m. [GDCT] info: GET [32m304[39m /Menus - [32m197.318[39m ms
2021-01-11, 11:03:14 a.m. [GDCT] info: GET [32m304[39m /COA_manager/COAs - [32m214.542[39m ms
2021-01-11, 11:03:15 a.m. [GDCT] info: GET [32m304[39m /COA_manager/COATrees/sheetName/5eade987ceb55e64491b0b68 - [32m104.792[39m ms
2021-01-11, 11:03:16 a.m. [GDCT] info: GET [32m304[39m /COA_manager/COAGroups - [32m126.461[39m ms
2021-01-11, 11:03:17 a.m. [GDCT] info: POST [32m200[39m /COA_manager/COATrees - [32m200.480[39m ms
2021-01-11, 11:03:19 a.m. [GDCT] info: GET [32m304[39m /COA_manager/COAs - [32m178.063[39m ms
2021-01-11, 11:03:27 a.m. [GDCT] info: PUT [32m200[39m /COA_manager/COATrees/sheetName/5eade987ceb55e64491b0b68 - [32m222.055[39m ms
2021-01-11, 11:03:29 a.m. [GDCT] info: GET [32m304[39m /sheetNames - [32m116.306[39m ms
2021-01-11, 11:03:29 a.m. [GDCT] info: GET [32m304[39m /sheetNames - [32m100.840[39m ms
2021-01-11, 11:03:29 a.m. [GDCT] info: GET [32m304[39m /COA_manager/COATrees/sheetName/5eadecc1ceb55e64491b0b80 - [32m123.322[39m ms
2021-01-11, 11:03:29 a.m. [GDCT] info: GET [32m304[39m /COA_manager/COATrees/sheetName/5eadea25ceb55e64491b0b6c - [32m126.762[39m ms
2021-01-11, 11:03:29 a.m. [GDCT] info: GET [32m304[39m /COA_manager/COATrees/sheetName/5eadec62ceb55e64491b0b77 - [32m127.269[39m ms
2021-01-11, 11:03:29 a.m. [GDCT] info: GET [32m304[39m /COA_manager/COATrees/sheetName/5eade920ceb55e64491b0b66 - [32m131.494[39m ms
2021-01-11, 11:03:29 a.m. [GDCT] info: GET [32m304[39m /COA_manager/COATrees/sheetName/5eac8ae29a8fe3217fe81f87 - [32m129.627[39m ms
2021-01-11, 11:03:29 a.m. [GDCT] info: GET [32m200[39m /COA_manager/COATrees/sheetName/5eade987ceb55e64491b0b68 - [32m180.778[39m ms
2021-01-11, 11:03:29 a.m. [GDCT] info: GET [32m304[39m /COA_manager/COATrees/sheetName/5f1ee59ad181ae43d04c9bd6 - [32m125.125[39m ms
2021-01-11, 11:03:29 a.m. [GDCT] info: GET [32m304[39m /COA_manager/COATrees/sheetName/5eadebbaceb55e64491b0b72 - [32m113.273[39m ms
2021-01-11, 11:03:29 a.m. [GDCT] info: GET [32m304[39m /COA_manager/COATrees/sheetName/5eadec31ceb55e64491b0b75 - [32m145.758[39m ms
2021-01-11, 11:03:29 a.m. [GDCT] info: GET [32m304[39m /COA_manager/COATrees/sheetName/5eadec49ceb55e64491b0b76 - [32m112.453[39m ms
2021-01-11, 11:03:29 a.m. [GDCT] info: GET [32m304[39m /COA_manager/COATrees/sheetName/5eade8e6ceb55e64491b0b63 - [32m136.029[39m ms
2021-01-11, 11:03:29 a.m. [GDCT] info: GET [32m304[39m /COA_manager/COATrees/sheetName/5eade9a6ceb55e64491b0b69 - [32m150.067[39m ms
2021-01-11, 11:03:29 a.m. [GDCT] info: GET [32m304[39m /COA_manager/COATrees/sheetName/5eade9bbceb55e64491b0b6a - [32m102.742[39m ms
2021-01-11, 11:03:29 a.m. [GDCT] info: GET [32m304[39m /COA_manager/COATrees/sheetName/5eadeb8eceb55e64491b0b70 - [32m110.035[39m ms
2021-01-11, 11:03:29 a.m. [GDCT] info: GET [32m304[39m /COA_manager/COATrees/sheetName/5eadebfbceb55e64491b0b73 - [32m110.706[39m ms
2021-01-11, 11:03:30 a.m. [GDCT] info: GET [32m304[39m /COA_manager/COATrees/sheetName/5eade8fcceb55e64491b0b64 - [32m128.688[39m ms
2021-01-11, 11:03:30 a.m. [GDCT] info: GET [32m304[39m /COA_manager/COATrees/sheetName/5eadeba4ceb55e64491b0b71 - [32m110.452[39m ms
2021-01-11, 11:03:30 a.m. [GDCT] info: GET [32m304[39m /COA_manager/COATrees/sheetName/5eadec19ceb55e64491b0b74 - [32m99.773[39m ms
2021-01-11, 11:03:30 a.m. [GDCT] info: GET [32m304[39m /COA_manager/COATrees/sheetName/5eade90dceb55e64491b0b65 - [32m128.573[39m ms
2021-01-11, 11:03:30 a.m. [GDCT] info: GET [32m304[39m /COA_manager/COATrees/sheetName/5eade9d2ceb55e64491b0b6b - [32m139.517[39m ms
2021-01-11, 11:03:30 a.m. [GDCT] info: GET [32m304[39m /COA_manager/COATrees/sheetName/5eade95eceb55e64491b0b67 - [32m153.326[39m ms
2021-01-11, 11:03:30 a.m. [GDCT] info: GET [32m304[39m /COA_manager/COATrees/sheetName/5eadeb61ceb55e64491b0b6d - [32m137.350[39m ms
2021-01-11, 11:03:30 a.m. [GDCT] info: GET [32m304[39m /COA_manager/COATrees/sheetName/5eadeb75ceb55e64491b0b6e - [32m133.036[39m ms
2021-01-11, 11:03:35 a.m. [GDCT] info: GET [32m304[39m /COA_manager/COATrees/sheetName/5eade987ceb55e64491b0b68 - [32m146.488[39m ms
2021-01-11, 11:03:35 a.m. [GDCT] info: DELETE [32m200[39m /COA_manager/COATrees/5ffc76c58a903a3c500aa602 - [32m181.737[39m ms
2021-01-11, 11:03:56 a.m. [GDCT] info: GET [32m304[39m /Menus - [32m275.761[39m ms
2021-01-11, 11:03:59 a.m. [GDCT] info: GET [32m304[39m /sheetNames - [32m130.520[39m ms
2021-01-11, 11:04:00 a.m. [GDCT] info: GET [32m304[39m /sheetNames - [32m140.255[39m ms
2021-01-11, 11:04:00 a.m. [GDCT] info: GET [32m200[39m /COA_manager/COATrees/sheetName/5eade987ceb55e64491b0b68 - [32m95.016[39m ms
2021-01-11, 11:04:00 a.m. [GDCT] info: GET [32m304[39m /COA_manager/COATrees/sheetName/5eadea25ceb55e64491b0b6c - [32m114.548[39m ms
2021-01-11, 11:04:00 a.m. [GDCT] info: GET [32m304[39m /COA_manager/COATrees/sheetName/5eadecc1ceb55e64491b0b80 - [32m115.769[39m ms
2021-01-11, 11:04:00 a.m. [GDCT] info: GET [32m304[39m /COA_manager/COATrees/sheetName/5eac8ae29a8fe3217fe81f87 - [32m121.916[39m ms
2021-01-11, 11:04:00 a.m. [GDCT] info: GET [32m304[39m /COA_manager/COATrees/sheetName/5eade920ceb55e64491b0b66 - [32m125.393[39m ms
2021-01-11, 11:04:00 a.m. [GDCT] info: GET [32m304[39m /COA_manager/COATrees/sheetName/5eadec62ceb55e64491b0b77 - [32m126.815[39m ms
2021-01-11, 11:04:00 a.m. [GDCT] info: GET [32m304[39m /COA_manager/COATrees/sheetName/5eadec31ceb55e64491b0b75 - [32m97.329[39m ms
2021-01-11, 11:04:00 a.m. [GDCT] info: GET [32m304[39m /COA_manager/COATrees/sheetName/5f1ee59ad181ae43d04c9bd6 - [32m102.826[39m ms
2021-01-11, 11:04:00 a.m. [GDCT] info: GET [32m304[39m /COA_manager/COATrees/sheetName/5eade8e6ceb55e64491b0b63 - [32m102.010[39m ms
2021-01-11, 11:04:00 a.m. [GDCT] info: GET [32m304[39m /COA_manager/COATrees/sheetName/5eadec49ceb55e64491b0b76 - [32m105.214[39m ms
2021-01-11, 11:04:00 a.m. [GDCT] info: GET [32m304[39m /COA_manager/COATrees/sheetName/5eade9a6ceb55e64491b0b69 - [32m96.735[39m ms
2021-01-11, 11:04:00 a.m. [GDCT] info: GET [32m304[39m /COA_manager/COATrees/sheetName/5eadebbaceb55e64491b0b72 - [32m109.992[39m ms
2021-01-11, 11:04:00 a.m. [GDCT] info: GET [32m304[39m /COA_manager/COATrees/sheetName/5eadeb61ceb55e64491b0b6d - [32m111.368[39m ms
2021-01-11, 11:04:00 a.m. [GDCT] info: GET [32m304[39m /COA_manager/COATrees/sheetName/5eadebfbceb55e64491b0b73 - [32m154.316[39m ms
2021-01-11, 11:04:00 a.m. [GDCT] info: GET [32m304[39m /COA_manager/COATrees/sheetName/5eadeb8eceb55e64491b0b70 - [32m147.666[39m ms
2021-01-11, 11:04:00 a.m. [GDCT] info: GET [32m304[39m /COA_manager/COATrees/sheetName/5eade8fcceb55e64491b0b64 - [32m149.707[39m ms
2021-01-11, 11:04:00 a.m. [GDCT] info: GET [32m304[39m /COA_manager/COATrees/sheetName/5eade9bbceb55e64491b0b6a - [32m151.470[39m ms
2021-01-11, 11:04:00 a.m. [GDCT] info: GET [32m304[39m /COA_manager/COATrees/sheetName/5eadeba4ceb55e64491b0b71 - [32m152.620[39m ms
2021-01-11, 11:04:00 a.m. [GDCT] info: GET [32m304[39m /COA_manager/COATrees/sheetName/5eade9d2ceb55e64491b0b6b - [32m116.123[39m ms
2021-01-11, 11:04:00 a.m. [GDCT] info: GET [32m304[39m /COA_manager/COATrees/sheetName/5eadec19ceb55e64491b0b74 - [32m120.883[39m ms
2021-01-11, 11:04:00 a.m. [GDCT] info: GET [32m304[39m /COA_manager/COATrees/sheetName/5eade90dceb55e64491b0b65 - [32m118.116[39m ms
2021-01-11, 11:04:00 a.m. [GDCT] info: GET [32m304[39m /COA_manager/COATrees/sheetName/5eadeb75ceb55e64491b0b6e - [32m116.146[39m ms
2021-01-11, 11:04:00 a.m. [GDCT] info: GET [32m304[39m /COA_manager/COATrees/sheetName/5eade95eceb55e64491b0b67 - [32m118.075[39m ms
2021-01-11, 11:04:30 a.m. [GDCT] info: GET [32m304[39m /Menus - [32m212.672[39m ms
2021-01-11, 11:04:30 a.m. [GDCT] info: GET [32m304[39m /Menus - [32m356.352[39m ms
2021-01-11, 11:04:32 a.m. [GDCT] info: GET [32m304[39m /Menus - [32m295.861[39m ms
2021-01-11, 11:04:33 a.m. [GDCT] info: GET [32m304[39m /Menus - [32m203.603[39m ms
2021-01-11, 11:04:34 a.m. [GDCT] info: GET [32m304[39m /Menus - [32m206.422[39m ms
2021-01-11, 11:04:37 a.m. [GDCT] info: GET [32m304[39m /Menus - [32m207.260[39m ms
2021-01-11, 11:04:37 a.m. [GDCT] info: GET [32m304[39m /Menus - [32m180.078[39m ms
2021-01-11, 11:04:38 a.m. [GDCT] info: GET [32m304[39m /Menus - [32m268.119[39m ms
2021-01-11, 11:04:39 a.m. [GDCT] info: GET [32m304[39m /Menus - [32m261.639[39m ms
2021-01-11, 11:04:46 a.m. [GDCT] info: GET [32m304[39m /COA_manager/COAs - [32m273.359[39m ms
2021-01-11, 11:04:46 a.m. [GDCT] info: GET [32m304[39m /COA_manager/COATrees/sheetName/5eade987ceb55e64491b0b68 - [32m116.575[39m ms
2021-01-11, 11:04:49 a.m. [GDCT] info: GET [32m304[39m /COA_manager/COAGroups - [32m94.948[39m ms
2021-01-11, 11:04:51 a.m. [GDCT] info: POST [32m200[39m /COA_manager/COATrees - [32m162.777[39m ms
2021-01-11, 11:04:52 a.m. [GDCT] info: GET [32m304[39m /COA_manager/COAs - [32m231.758[39m ms
2021-01-11, 11:05:02 a.m. [GDCT] info: PUT [32m200[39m /COA_manager/COATrees/sheetName/5eade987ceb55e64491b0b68 - [32m237.173[39m ms
2021-01-11, 11:05:11 a.m. [GDCT] info: GET [32m304[39m /sheetNames - [32m132.319[39m ms
2021-01-11, 11:05:12 a.m. [GDCT] info: GET [32m304[39m /sheetNames - [32m124.281[39m ms
2021-01-11, 11:05:12 a.m. [GDCT] info: GET [32m304[39m /COA_manager/COATrees/sheetName/5eac8ae29a8fe3217fe81f87 - [32m151.609[39m ms
2021-01-11, 11:05:12 a.m. [GDCT] info: GET [32m304[39m /COA_manager/COATrees/sheetName/5eadecc1ceb55e64491b0b80 - [32m164.305[39m ms
2021-01-11, 11:05:12 a.m. [GDCT] info: GET [32m304[39m /COA_manager/COATrees/sheetName/5eade920ceb55e64491b0b66 - [32m156.489[39m ms
2021-01-11, 11:05:12 a.m. [GDCT] info: GET [32m304[39m /COA_manager/COATrees/sheetName/5eadec62ceb55e64491b0b77 - [32m159.399[39m ms
2021-01-11, 11:05:12 a.m. [GDCT] info: GET [32m200[39m /COA_manager/COATrees/sheetName/5eade987ceb55e64491b0b68 - [32m171.317[39m ms
2021-01-11, 11:05:12 a.m. [GDCT] info: GET [32m304[39m /COA_manager/COATrees/sheetName/5eadea25ceb55e64491b0b6c - [32m122.494[39m ms
2021-01-11, 11:05:12 a.m. [GDCT] info: GET [32m304[39m /COA_manager/COATrees/sheetName/5eadec31ceb55e64491b0b75 - [32m105.931[39m ms
2021-01-11, 11:05:12 a.m. [GDCT] info: GET [32m304[39m /COA_manager/COATrees/sheetName/5f1ee59ad181ae43d04c9bd6 - [32m172.196[39m ms
2021-01-11, 11:05:12 a.m. [GDCT] info: GET [32m304[39m /COA_manager/COATrees/sheetName/5eadec49ceb55e64491b0b76 - [32m165.027[39m ms
2021-01-11, 11:05:12 a.m. [GDCT] info: GET [32m304[39m /COA_manager/COATrees/sheetName/5eade9a6ceb55e64491b0b69 - [32m167.566[39m ms
2021-01-11, 11:05:12 a.m. [GDCT] info: GET [32m304[39m /COA_manager/COATrees/sheetName/5eade8e6ceb55e64491b0b63 - [32m169.884[39m ms
2021-01-11, 11:05:12 a.m. [GDCT] info: GET [32m304[39m /COA_manager/COATrees/sheetName/5eadebbaceb55e64491b0b72 - [32m169.756[39m ms
2021-01-11, 11:05:12 a.m. [GDCT] info: GET [32m304[39m /COA_manager/COATrees/sheetName/5eadeb61ceb55e64491b0b6d - [32m127.328[39m ms
2021-01-11, 11:05:12 a.m. [GDCT] info: GET [32m304[39m /COA_manager/COATrees/sheetName/5eadebfbceb55e64491b0b73 - [32m102.606[39m ms
2021-01-11, 11:05:12 a.m. [GDCT] info: GET [32m304[39m /COA_manager/COATrees/sheetName/5eadeb8eceb55e64491b0b70 - [32m108.269[39m ms
2021-01-11, 11:05:12 a.m. [GDCT] info: GET [32m304[39m /COA_manager/COATrees/sheetName/5eadeba4ceb55e64491b0b71 - [32m97.404[39m ms
2021-01-11, 11:05:12 a.m. [GDCT] info: GET [32m304[39m /COA_manager/COATrees/sheetName/5eade8fcceb55e64491b0b64 - [32m114.050[39m ms
2021-01-11, 11:05:12 a.m. [GDCT] info: GET [32m304[39m /COA_manager/COATrees/sheetName/5eade9bbceb55e64491b0b6a - [32m115.445[39m ms
2021-01-11, 11:05:12 a.m. [GDCT] info: GET [32m304[39m /COA_manager/COATrees/sheetName/5eade9d2ceb55e64491b0b6b - [32m190.695[39m ms
2021-01-11, 11:05:12 a.m. [GDCT] info: GET [32m304[39m /COA_manager/COATrees/sheetName/5eade90dceb55e64491b0b65 - [32m195.619[39m ms
2021-01-11, 11:05:12 a.m. [GDCT] info: GET [32m304[39m /COA_manager/COATrees/sheetName/5eadec19ceb55e64491b0b74 - [32m216.744[39m ms
2021-01-11, 11:05:12 a.m. [GDCT] info: GET [32m304[39m /COA_manager/COATrees/sheetName/5eade95eceb55e64491b0b67 - [32m200.496[39m ms
2021-01-11, 11:05:12 a.m. [GDCT] info: GET [32m304[39m /COA_manager/COATrees/sheetName/5eadeb75ceb55e64491b0b6e - [32m145.631[39m ms
2021-01-11, 11:05:34 a.m. [GDCT] info: GET [32m304[39m /COA_manager/COATrees/sheetName/5eade987ceb55e64491b0b68 - [32m133.592[39m ms
2021-01-11, 11:05:34 a.m. [GDCT] info: DELETE [32m200[39m /COA_manager/COATrees/5ffc77238a903a3c500aa604 - [32m197.911[39m ms
2021-01-11, 11:05:45 a.m. [GDCT] info: GET [32m304[39m /profile - [32m91.448[39m ms
2021-01-11, 11:05:45 a.m. [GDCT] info: GET [32m304[39m /sheetNames - [32m203.988[39m ms
2021-01-11, 11:05:45 a.m. [GDCT] info: GET [32m304[39m /Menus - [32m335.367[39m ms
2021-01-11, 11:05:45 a.m. [GDCT] info: GET [32m304[39m /sheetNames - [32m134.388[39m ms
2021-01-11, 11:05:46 a.m. [GDCT] info: GET [32m200[39m /COA_manager/COATrees/sheetName/5eade987ceb55e64491b0b68 - [32m105.427[39m ms
2021-01-11, 11:05:46 a.m. [GDCT] info: GET [32m304[39m /COA_manager/COATrees/sheetName/5eade920ceb55e64491b0b66 - [32m101.143[39m ms
2021-01-11, 11:05:46 a.m. [GDCT] info: GET [32m304[39m /COA_manager/COATrees/sheetName/5eadec62ceb55e64491b0b77 - [32m103.960[39m ms
2021-01-11, 11:05:46 a.m. [GDCT] info: GET [32m304[39m /COA_manager/COATrees/sheetName/5eac8ae29a8fe3217fe81f87 - [32m102.532[39m ms
2021-01-11, 11:05:46 a.m. [GDCT] info: GET [32m304[39m /COA_manager/COATrees/sheetName/5eadea25ceb55e64491b0b6c - [32m104.702[39m ms
2021-01-11, 11:05:46 a.m. [GDCT] info: GET [32m304[39m /COA_manager/COATrees/sheetName/5eadecc1ceb55e64491b0b80 - [32m108.085[39m ms
2021-01-11, 11:05:46 a.m. [GDCT] info: GET [32m304[39m /COA_manager/COATrees/sheetName/5eadec31ceb55e64491b0b75 - [32m125.571[39m ms
2021-01-11, 11:05:46 a.m. [GDCT] info: GET [32m304[39m /COA_manager/COATrees/sheetName/5f1ee59ad181ae43d04c9bd6 - [32m113.682[39m ms
2021-01-11, 11:05:46 a.m. [GDCT] info: GET [32m304[39m /COA_manager/COATrees/sheetName/5eade8e6ceb55e64491b0b63 - [32m113.541[39m ms
2021-01-11, 11:05:46 a.m. [GDCT] info: GET [32m304[39m /COA_manager/COATrees/sheetName/5eade9a6ceb55e64491b0b69 - [32m126.272[39m ms
2021-01-11, 11:05:46 a.m. [GDCT] info: GET [32m304[39m /COA_manager/COATrees/sheetName/5eadebbaceb55e64491b0b72 - [32m127.706[39m ms
2021-01-11, 11:05:46 a.m. [GDCT] info: GET [32m304[39m /COA_manager/COATrees/sheetName/5eadec49ceb55e64491b0b76 - [32m114.738[39m ms
2021-01-11, 11:05:46 a.m. [GDCT] info: GET [32m304[39m /COA_manager/COATrees/sheetName/5eadebfbceb55e64491b0b73 - [32m126.110[39m ms
2021-01-11, 11:05:46 a.m. [GDCT] info: GET [32m304[39m /COA_manager/COATrees/sheetName/5eadeb61ceb55e64491b0b6d - [32m168.972[39m ms
2021-01-11, 11:05:46 a.m. [GDCT] info: GET [32m304[39m /COA_manager/COATrees/sheetName/5eadeb8eceb55e64491b0b70 - [32m118.634[39m ms
2021-01-11, 11:05:46 a.m. [GDCT] info: GET [32m304[39m /COA_manager/COATrees/sheetName/5eade8fcceb55e64491b0b64 - [32m115.068[39m ms
2021-01-11, 11:05:46 a.m. [GDCT] info: GET [32m304[39m /COA_manager/COATrees/sheetName/5eade9bbceb55e64491b0b6a - [32m118.819[39m ms
2021-01-11, 11:05:46 a.m. [GDCT] info: GET [32m304[39m /COA_manager/COATrees/sheetName/5eadeba4ceb55e64491b0b71 - [32m118.271[39m ms
2021-01-11, 11:05:46 a.m. [GDCT] info: GET [32m304[39m /COA_manager/COATrees/sheetName/5eadec19ceb55e64491b0b74 - [32m109.624[39m ms
2021-01-11, 11:05:46 a.m. [GDCT] info: GET [32m304[39m /COA_manager/COATrees/sheetName/5eade9d2ceb55e64491b0b6b - [32m148.788[39m ms
2021-01-11, 11:05:46 a.m. [GDCT] info: GET [32m304[39m /COA_manager/COATrees/sheetName/5eade95eceb55e64491b0b67 - [32m120.291[39m ms
2021-01-11, 11:05:46 a.m. [GDCT] info: GET [32m304[39m /COA_manager/COATrees/sheetName/5eade90dceb55e64491b0b65 - [32m126.662[39m ms
2021-01-11, 11:05:46 a.m. [GDCT] info: GET [32m304[39m /COA_manager/COATrees/sheetName/5eadeb75ceb55e64491b0b6e - [32m123.550[39m ms
2021-01-11, 11:06:13 a.m. [GDCT] info: GET [32m304[39m /Menus - [32m212.198[39m ms
2021-01-11, 11:06:14 a.m. [GDCT] info: GET [32m304[39m /Menus - [32m222.863[39m ms
2021-01-11, 11:07:35 a.m. [GDCT] info: GET [32m304[39m /Menus - [32m243.723[39m ms
2021-01-11, 11:07:39 a.m. [GDCT] info: GET [32m304[39m /sheetNames - [32m104.223[39m ms
2021-01-11, 11:07:39 a.m. [GDCT] info: GET [32m304[39m /sheetNames - [32m102.478[39m ms
2021-01-11, 11:07:39 a.m. [GDCT] info: GET [32m304[39m /COA_manager/COATrees/sheetName/5eade987ceb55e64491b0b68 - [32m104.034[39m ms
2021-01-11, 11:07:39 a.m. [GDCT] info: GET [32m304[39m /COA_manager/COATrees/sheetName/5eadea25ceb55e64491b0b6c - [32m121.335[39m ms
2021-01-11, 11:07:39 a.m. [GDCT] info: GET [32m304[39m /COA_manager/COATrees/sheetName/5eade920ceb55e64491b0b66 - [32m117.052[39m ms
2021-01-11, 11:07:39 a.m. [GDCT] info: GET [32m304[39m /COA_manager/COATrees/sheetName/5eadecc1ceb55e64491b0b80 - [32m127.804[39m ms
2021-01-11, 11:07:39 a.m. [GDCT] info: GET [32m304[39m /COA_manager/COATrees/sheetName/5eadec62ceb55e64491b0b77 - [32m127.597[39m ms
2021-01-11, 11:07:39 a.m. [GDCT] info: GET [32m304[39m /COA_manager/COATrees/sheetName/5eac8ae29a8fe3217fe81f87 - [32m123.060[39m ms
2021-01-11, 11:07:39 a.m. [GDCT] info: GET [32m304[39m /COA_manager/COATrees/sheetName/5eadec31ceb55e64491b0b75 - [32m121.554[39m ms
2021-01-11, 11:07:39 a.m. [GDCT] info: GET [32m304[39m /COA_manager/COATrees/sheetName/5f1ee59ad181ae43d04c9bd6 - [32m129.826[39m ms
2021-01-11, 11:07:39 a.m. [GDCT] info: GET [32m304[39m /COA_manager/COATrees/sheetName/5eadec49ceb55e64491b0b76 - [32m127.326[39m ms
2021-01-11, 11:07:39 a.m. [GDCT] info: GET [32m304[39m /COA_manager/COATrees/sheetName/5eadebbaceb55e64491b0b72 - [32m137.198[39m ms
2021-01-11, 11:07:39 a.m. [GDCT] info: GET [32m304[39m /COA_manager/COATrees/sheetName/5eade8e6ceb55e64491b0b63 - [32m140.599[39m ms
2021-01-11, 11:07:39 a.m. [GDCT] info: GET [32m304[39m /COA_manager/COATrees/sheetName/5eade9a6ceb55e64491b0b69 - [32m119.765[39m ms
2021-01-11, 11:07:39 a.m. [GDCT] info: GET [32m304[39m /COA_manager/COATrees/sheetName/5eadeb61ceb55e64491b0b6d - [32m133.716[39m ms
2021-01-11, 11:07:39 a.m. [GDCT] info: GET [32m304[39m /COA_manager/COATrees/sheetName/5eadebfbceb55e64491b0b73 - [32m155.853[39m ms
2021-01-11, 11:07:39 a.m. [GDCT] info: GET [32m304[39m /COA_manager/COATrees/sheetName/5eadeb8eceb55e64491b0b70 - [32m156.315[39m ms
2021-01-11, 11:07:39 a.m. [GDCT] info: GET [32m304[39m /COA_manager/COATrees/sheetName/5eade9bbceb55e64491b0b6a - [32m140.712[39m ms
2021-01-11, 11:07:39 a.m. [GDCT] info: GET [32m304[39m /COA_manager/COATrees/sheetName/5eade8fcceb55e64491b0b64 - [32m138.015[39m ms
2021-01-11, 11:07:39 a.m. [GDCT] info: GET [32m304[39m /COA_manager/COATrees/sheetName/5eadeba4ceb55e64491b0b71 - [32m133.249[39m ms
2021-01-11, 11:07:39 a.m. [GDCT] info: GET [32m304[39m /COA_manager/COATrees/sheetName/5eade9d2ceb55e64491b0b6b - [32m133.708[39m ms
2021-01-11, 11:07:39 a.m. [GDCT] info: GET [32m304[39m /COA_manager/COATrees/sheetName/5eade95eceb55e64491b0b67 - [32m110.817[39m ms
2021-01-11, 11:07:39 a.m. [GDCT] info: GET [32m304[39m /COA_manager/COATrees/sheetName/5eadec19ceb55e64491b0b74 - [32m133.328[39m ms
2021-01-11, 11:07:39 a.m. [GDCT] info: GET [32m304[39m /COA_manager/COATrees/sheetName/5eadeb75ceb55e64491b0b6e - [32m116.828[39m ms
2021-01-11, 11:07:39 a.m. [GDCT] info: GET [32m304[39m /COA_manager/COATrees/sheetName/5eade90dceb55e64491b0b65 - [32m120.128[39m ms
2021-01-11, 11:09:49 a.m. [GDCT] info: GET [32m304[39m /profile - [32m75.532[39m ms
2021-01-11, 11:09:50 a.m. [GDCT] info: GET [32m304[39m /sheetNames - [32m94.004[39m ms
2021-01-11, 11:09:50 a.m. [GDCT] info: GET [32m304[39m /Menus - [32m229.077[39m ms
2021-01-11, 11:09:50 a.m. [GDCT] info: GET [32m304[39m /sheetNames - [32m103.830[39m ms
2021-01-11, 11:09:50 a.m. [GDCT] info: GET [32m304[39m /COA_manager/COATrees/sheetName/5eade987ceb55e64491b0b68 - [32m129.487[39m ms
2021-01-11, 11:09:50 a.m. [GDCT] info: GET [32m304[39m /COA_manager/COATrees/sheetName/5eade920ceb55e64491b0b66 - [32m122.082[39m ms
2021-01-11, 11:09:50 a.m. [GDCT] info: GET [32m304[39m /COA_manager/COATrees/sheetName/5eadecc1ceb55e64491b0b80 - [32m128.855[39m ms
2021-01-11, 11:09:50 a.m. [GDCT] info: GET [32m304[39m /COA_manager/COATrees/sheetName/5eadec62ceb55e64491b0b77 - [32m149.700[39m ms
2021-01-11, 11:09:50 a.m. [GDCT] info: GET [32m304[39m /COA_manager/COATrees/sheetName/5eac8ae29a8fe3217fe81f87 - [32m146.148[39m ms
2021-01-11, 11:09:50 a.m. [GDCT] info: GET [32m304[39m /COA_manager/COATrees/sheetName/5eadea25ceb55e64491b0b6c - [32m160.183[39m ms
2021-01-11, 11:09:50 a.m. [GDCT] info: GET [32m304[39m /COA_manager/COATrees/sheetName/5eade8e6ceb55e64491b0b63 - [32m166.044[39m ms
2021-01-11, 11:09:50 a.m. [GDCT] info: GET [32m304[39m /COA_manager/COATrees/sheetName/5f1ee59ad181ae43d04c9bd6 - [32m173.630[39m ms
2021-01-11, 11:09:50 a.m. [GDCT] info: GET [32m304[39m /COA_manager/COATrees/sheetName/5eadec31ceb55e64491b0b75 - [32m188.642[39m ms
2021-01-11, 11:09:50 a.m. [GDCT] info: GET [32m304[39m /COA_manager/COATrees/sheetName/5eadebbaceb55e64491b0b72 - [32m168.153[39m ms
2021-01-11, 11:09:50 a.m. [GDCT] info: GET [32m304[39m /COA_manager/COATrees/sheetName/5eade9a6ceb55e64491b0b69 - [32m179.842[39m ms
2021-01-11, 11:09:50 a.m. [GDCT] info: GET [32m304[39m /COA_manager/COATrees/sheetName/5eadec49ceb55e64491b0b76 - [32m183.051[39m ms
2021-01-11, 11:09:50 a.m. [GDCT] info: GET [32m304[39m /COA_manager/COATrees/sheetName/5eadeb8eceb55e64491b0b70 - [32m152.280[39m ms
2021-01-11, 11:09:50 a.m. [GDCT] info: GET [32m304[39m /COA_manager/COATrees/sheetName/5eadebfbceb55e64491b0b73 - [32m163.874[39m ms
2021-01-11, 11:09:50 a.m. [GDCT] info: GET [32m304[39m /COA_manager/COATrees/sheetName/5eade8fcceb55e64491b0b64 - [32m157.747[39m ms
2021-01-11, 11:09:50 a.m. [GDCT] info: GET [32m304[39m /COA_manager/COATrees/sheetName/5eadeba4ceb55e64491b0b71 - [32m157.145[39m ms
2021-01-11, 11:09:50 a.m. [GDCT] info: GET [32m304[39m /COA_manager/COATrees/sheetName/5eade9bbceb55e64491b0b6a - [32m161.220[39m ms
2021-01-11, 11:09:50 a.m. [GDCT] info: GET [32m304[39m /COA_manager/COATrees/sheetName/5eade9d2ceb55e64491b0b6b - [32m109.705[39m ms
2021-01-11, 11:09:50 a.m. [GDCT] info: GET [32m304[39m /COA_manager/COATrees/sheetName/5eadec19ceb55e64491b0b74 - [32m119.945[39m ms
2021-01-11, 11:09:50 a.m. [GDCT] info: GET [32m304[39m /COA_manager/COATrees/sheetName/5eade90dceb55e64491b0b65 - [32m120.587[39m ms
2021-01-11, 11:09:50 a.m. [GDCT] info: GET [32m304[39m /COA_manager/COATrees/sheetName/5eade95eceb55e64491b0b67 - [32m120.310[39m ms
2021-01-11, 11:09:50 a.m. [GDCT] info: GET [32m304[39m /COA_manager/COATrees/sheetName/5eadeb75ceb55e64491b0b6e - [32m119.793[39m ms
2021-01-11, 11:09:51 a.m. [GDCT] info: GET [32m304[39m /COA_manager/COATrees/sheetName/5eadeb61ceb55e64491b0b6d - [32m408.481[39m ms
2021-01-11, 11:10:21 a.m. [GDCT] info: GET [32m304[39m /profile - [32m893.583[39m ms
2021-01-11, 11:10:23 a.m. [GDCT] info: GET [32m304[39m /sheetNames - [32m483.685[39m ms
2021-01-11, 11:10:24 a.m. [GDCT] info: GET [32m304[39m /Menus - [32m1634.203[39m ms
2021-01-11, 11:10:25 a.m. [GDCT] info: GET [32m304[39m /sheetNames - [32m921.631[39m ms
2021-01-11, 11:10:25 a.m. [GDCT] info: GET [32m304[39m /COA_manager/COATrees/sheetName/5eade920ceb55e64491b0b66 - [32m548.575[39m ms
2021-01-11, 11:10:25 a.m. [GDCT] info: GET [32m304[39m /COA_manager/COATrees/sheetName/5eade987ceb55e64491b0b68 - [32m559.428[39m ms
2021-01-11, 11:10:25 a.m. [GDCT] info: GET [32m304[39m /COA_manager/COATrees/sheetName/5eadea25ceb55e64491b0b6c - [32m553.543[39m ms
2021-01-11, 11:10:25 a.m. [GDCT] info: GET [32m304[39m /COA_manager/COATrees/sheetName/5eadecc1ceb55e64491b0b80 - [32m401.087[39m ms
2021-01-11, 11:10:25 a.m. [GDCT] info: GET [32m304[39m /COA_manager/COATrees/sheetName/5eadec62ceb55e64491b0b77 - [32m396.822[39m ms
2021-01-11, 11:10:25 a.m. [GDCT] info: GET [32m304[39m /COA_manager/COATrees/sheetName/5eac8ae29a8fe3217fe81f87 - [32m391.273[39m ms
2021-01-11, 11:10:27 a.m. [GDCT] info: GET [32m304[39m /COA_manager/COATrees/sheetName/5eadec49ceb55e64491b0b76 - [32m1428.551[39m ms
2021-01-11, 11:10:27 a.m. [GDCT] info: GET [32m304[39m /COA_manager/COATrees/sheetName/5eadebbaceb55e64491b0b72 - [32m1426.112[39m ms
2021-01-11, 11:10:27 a.m. [GDCT] info: GET [32m304[39m /COA_manager/COATrees/sheetName/5f1ee59ad181ae43d04c9bd6 - [32m1431.680[39m ms
2021-01-11, 11:10:27 a.m. [GDCT] info: GET [32m304[39m /COA_manager/COATrees/sheetName/5eade8e6ceb55e64491b0b63 - [32m1428.141[39m ms
2021-01-11, 11:10:27 a.m. [GDCT] info: GET [32m304[39m /COA_manager/COATrees/sheetName/5eade9a6ceb55e64491b0b69 - [32m1428.035[39m ms
2021-01-11, 11:10:27 a.m. [GDCT] info: GET [32m304[39m /COA_manager/COATrees/sheetName/5eadec31ceb55e64491b0b75 - [32m1432.717[39m ms
2021-01-11, 11:10:27 a.m. [GDCT] info: GET [32m304[39m /COA_manager/COATrees/sheetName/5eadeb8eceb55e64491b0b70 - [32m327.363[39m ms
2021-01-11, 11:10:27 a.m. [GDCT] info: GET [32m304[39m /COA_manager/COATrees/sheetName/5eadebfbceb55e64491b0b73 - [32m352.408[39m ms
2021-01-11, 11:10:27 a.m. [GDCT] info: GET [32m304[39m /COA_manager/COATrees/sheetName/5eadeb61ceb55e64491b0b6d - [32m355.191[39m ms
2021-01-11, 11:10:27 a.m. [GDCT] info: GET [32m304[39m /COA_manager/COATrees/sheetName/5eade9bbceb55e64491b0b6a - [32m351.714[39m ms
2021-01-11, 11:10:27 a.m. [GDCT] info: GET [32m304[39m /COA_manager/COATrees/sheetName/5eade8fcceb55e64491b0b64 - [32m351.460[39m ms
2021-01-11, 11:10:27 a.m. [GDCT] info: GET [32m304[39m /COA_manager/COATrees/sheetName/5eadeba4ceb55e64491b0b71 - [32m350.255[39m ms
2021-01-11, 11:10:28 a.m. [GDCT] info: GET [32m304[39m /COA_manager/COATrees/sheetName/5eadec19ceb55e64491b0b74 - [32m303.311[39m ms
2021-01-11, 11:10:28 a.m. [GDCT] info: GET [32m304[39m /COA_manager/COATrees/sheetName/5eadeb75ceb55e64491b0b6e - [32m302.713[39m ms
2021-01-11, 11:10:28 a.m. [GDCT] info: GET [32m304[39m /COA_manager/COATrees/sheetName/5eade90dceb55e64491b0b65 - [32m301.617[39m ms
2021-01-11, 11:10:28 a.m. [GDCT] info: GET [32m304[39m /COA_manager/COATrees/sheetName/5eade95eceb55e64491b0b67 - [32m302.937[39m ms
2021-01-11, 11:10:28 a.m. [GDCT] info: GET [32m304[39m /COA_manager/COATrees/sheetName/5eade9d2ceb55e64491b0b6b - [32m305.406[39m ms
2021-01-11, 11:10:40 a.m. [GDCT] info: GET [32m304[39m /profile - [32m88.385[39m ms
2021-01-11, 11:10:41 a.m. [GDCT] info: GET [32m304[39m /sheetNames - [32m108.998[39m ms
2021-01-11, 11:10:41 a.m. [GDCT] info: GET [32m304[39m /Menus - [32m224.775[39m ms
2021-01-11, 11:10:41 a.m. [GDCT] info: GET [32m304[39m /sheetNames - [32m132.308[39m ms
2021-01-11, 11:10:41 a.m. [GDCT] info: GET [32m304[39m /COA_manager/COATrees/sheetName/5eade987ceb55e64491b0b68 - [32m155.680[39m ms
2021-01-11, 11:10:41 a.m. [GDCT] info: GET [32m304[39m /COA_manager/COATrees/sheetName/5eadecc1ceb55e64491b0b80 - [32m154.404[39m ms
2021-01-11, 11:10:41 a.m. [GDCT] info: GET [32m304[39m /COA_manager/COATrees/sheetName/5eac8ae29a8fe3217fe81f87 - [32m172.990[39m ms
2021-01-11, 11:10:41 a.m. [GDCT] info: GET [32m304[39m /COA_manager/COATrees/sheetName/5eadea25ceb55e64491b0b6c - [32m182.124[39m ms
2021-01-11, 11:10:41 a.m. [GDCT] info: GET [32m304[39m /COA_manager/COATrees/sheetName/5eade920ceb55e64491b0b66 - [32m178.927[39m ms
2021-01-11, 11:10:41 a.m. [GDCT] info: GET [32m304[39m /COA_manager/COATrees/sheetName/5eadec62ceb55e64491b0b77 - [32m197.240[39m ms
2021-01-11, 11:10:41 a.m. [GDCT] info: GET [32m304[39m /COA_manager/COATrees/sheetName/5eadec31ceb55e64491b0b75 - [32m135.541[39m ms
2021-01-11, 11:10:41 a.m. [GDCT] info: GET [32m304[39m /COA_manager/COATrees/sheetName/5f1ee59ad181ae43d04c9bd6 - [32m134.797[39m ms
2021-01-11, 11:10:41 a.m. [GDCT] info: GET [32m304[39m /COA_manager/COATrees/sheetName/5eade8e6ceb55e64491b0b63 - [32m168.865[39m ms
2021-01-11, 11:10:41 a.m. [GDCT] info: GET [32m304[39m /COA_manager/COATrees/sheetName/5eadebbaceb55e64491b0b72 - [32m169.002[39m ms
2021-01-11, 11:10:41 a.m. [GDCT] info: GET [32m304[39m /COA_manager/COATrees/sheetName/5eadec49ceb55e64491b0b76 - [32m166.256[39m ms
2021-01-11, 11:10:41 a.m. [GDCT] info: GET [32m304[39m /COA_manager/COATrees/sheetName/5eade9a6ceb55e64491b0b69 - [32m175.519[39m ms
2021-01-11, 11:10:42 a.m. [GDCT] info: GET [32m304[39m /COA_manager/COATrees/sheetName/5eadeb61ceb55e64491b0b6d - [32m123.501[39m ms
2021-01-11, 11:10:42 a.m. [GDCT] info: GET [32m304[39m /COA_manager/COATrees/sheetName/5eadebfbceb55e64491b0b73 - [32m181.775[39m ms
2021-01-11, 11:10:42 a.m. [GDCT] info: GET [32m304[39m /COA_manager/COATrees/sheetName/5eade9bbceb55e64491b0b6a - [32m154.782[39m ms
2021-01-11, 11:10:42 a.m. [GDCT] info: GET [32m304[39m /COA_manager/COATrees/sheetName/5eadeba4ceb55e64491b0b71 - [32m118.567[39m ms
2021-01-11, 11:10:42 a.m. [GDCT] info: GET [32m304[39m /COA_manager/COATrees/sheetName/5eade8fcceb55e64491b0b64 - [32m166.183[39m ms
2021-01-11, 11:10:42 a.m. [GDCT] info: GET [32m304[39m /COA_manager/COATrees/sheetName/5eadeb8eceb55e64491b0b70 - [32m191.429[39m ms
2021-01-11, 11:10:42 a.m. [GDCT] info: GET [32m304[39m /COA_manager/COATrees/sheetName/5eade9d2ceb55e64491b0b6b - [32m146.563[39m ms
2021-01-11, 11:10:42 a.m. [GDCT] info: GET [32m304[39m /COA_manager/COATrees/sheetName/5eadec19ceb55e64491b0b74 - [32m123.480[39m ms
2021-01-11, 11:10:42 a.m. [GDCT] info: GET [32m304[39m /COA_manager/COATrees/sheetName/5eade95eceb55e64491b0b67 - [32m144.897[39m ms
2021-01-11, 11:10:42 a.m. [GDCT] info: GET [32m304[39m /COA_manager/COATrees/sheetName/5eadeb75ceb55e64491b0b6e - [32m140.189[39m ms
2021-01-11, 11:10:42 a.m. [GDCT] info: GET [32m304[39m /COA_manager/COATrees/sheetName/5eade90dceb55e64491b0b65 - [32m146.350[39m ms
2021-01-11, 11:11:25 a.m. [GDCT] info: GET [32m304[39m /COA_manager/COAs - [32m1922.182[39m ms
2021-01-11, 11:11:25 a.m. [GDCT] info: GET [32m304[39m /COA_manager/COAGroups - [32m1460.502[39m ms
2021-01-11, 11:11:25 a.m. [GDCT] info: GET [32m304[39m /COA_manager/COATrees/sheetName/5eade987ceb55e64491b0b68 - [32m806.152[39m ms
2021-01-11, 11:11:27 a.m. [GDCT] info: POST [32m200[39m /COA_manager/COATrees - [32m162.633[39m ms
2021-01-11, 11:11:29 a.m. [GDCT] info: GET [32m304[39m /COA_manager/COAs - [32m963.225[39m ms
2021-01-11, 11:11:34 a.m. [GDCT] info: PUT [32m200[39m /COA_manager/COATrees/sheetName/5eade987ceb55e64491b0b68 - [32m2586.404[39m ms
2021-01-11, 11:11:35 a.m. [GDCT] info: GET [32m304[39m /sheetNames - [32m116.509[39m ms
2021-01-11, 11:11:35 a.m. [GDCT] info: GET [32m304[39m /sheetNames - [32m146.052[39m ms
2021-01-11, 11:11:35 a.m. [GDCT] info: GET [32m304[39m /COA_manager/COATrees/sheetName/5eadecc1ceb55e64491b0b80 - [32m158.718[39m ms
2021-01-11, 11:11:35 a.m. [GDCT] info: GET [32m304[39m /COA_manager/COATrees/sheetName/5eadea25ceb55e64491b0b6c - [32m155.622[39m ms
2021-01-11, 11:11:35 a.m. [GDCT] info: GET [32m304[39m /COA_manager/COATrees/sheetName/5eac8ae29a8fe3217fe81f87 - [32m163.829[39m ms
2021-01-11, 11:11:35 a.m. [GDCT] info: GET [32m304[39m /COA_manager/COATrees/sheetName/5eadec62ceb55e64491b0b77 - [32m165.439[39m ms
2021-01-11, 11:11:35 a.m. [GDCT] info: GET [32m304[39m /COA_manager/COATrees/sheetName/5eade920ceb55e64491b0b66 - [32m164.918[39m ms
2021-01-11, 11:11:35 a.m. [GDCT] info: GET [32m200[39m /COA_manager/COATrees/sheetName/5eade987ceb55e64491b0b68 - [32m175.010[39m ms
2021-01-11, 11:11:35 a.m. [GDCT] info: GET [32m304[39m /COA_manager/COATrees/sheetName/5eadec31ceb55e64491b0b75 - [32m177.106[39m ms
2021-01-11, 11:11:35 a.m. [GDCT] info: GET [32m304[39m /COA_manager/COATrees/sheetName/5eade9a6ceb55e64491b0b69 - [32m167.021[39m ms
2021-01-11, 11:11:35 a.m. [GDCT] info: GET [32m304[39m /COA_manager/COATrees/sheetName/5eadec49ceb55e64491b0b76 - [32m168.356[39m ms
2021-01-11, 11:11:35 a.m. [GDCT] info: GET [32m304[39m /COA_manager/COATrees/sheetName/5f1ee59ad181ae43d04c9bd6 - [32m179.058[39m ms
2021-01-11, 11:11:35 a.m. [GDCT] info: GET [32m304[39m /COA_manager/COATrees/sheetName/5eade8e6ceb55e64491b0b63 - [32m173.464[39m ms
2021-01-11, 11:11:35 a.m. [GDCT] info: GET [32m304[39m /COA_manager/COATrees/sheetName/5eadebbaceb55e64491b0b72 - [32m171.591[39m ms
2021-01-11, 11:11:36 a.m. [GDCT] info: GET [32m304[39m /COA_manager/COATrees/sheetName/5eadeb61ceb55e64491b0b6d - [32m101.665[39m ms
2021-01-11, 11:11:36 a.m. [GDCT] info: GET [32m304[39m /COA_manager/COATrees/sheetName/5eadebfbceb55e64491b0b73 - [32m99.789[39m ms
2021-01-11, 11:11:36 a.m. [GDCT] info: GET [32m304[39m /COA_manager/COATrees/sheetName/5eadeb8eceb55e64491b0b70 - [32m105.473[39m ms
2021-01-11, 11:11:36 a.m. [GDCT] info: GET [32m304[39m /COA_manager/COATrees/sheetName/5eade9bbceb55e64491b0b6a - [32m118.329[39m ms
2021-01-11, 11:11:36 a.m. [GDCT] info: GET [32m304[39m /COA_manager/COATrees/sheetName/5eade8fcceb55e64491b0b64 - [32m117.633[39m ms
2021-01-11, 11:11:36 a.m. [GDCT] info: GET [32m304[39m /COA_manager/COATrees/sheetName/5eadeba4ceb55e64491b0b71 - [32m152.588[39m ms
2021-01-11, 11:11:36 a.m. [GDCT] info: GET [32m304[39m /COA_manager/COATrees/sheetName/5eade9d2ceb55e64491b0b6b - [32m119.243[39m ms
2021-01-11, 11:11:36 a.m. [GDCT] info: GET [32m304[39m /COA_manager/COATrees/sheetName/5eadec19ceb55e64491b0b74 - [32m116.407[39m ms
2021-01-11, 11:11:36 a.m. [GDCT] info: GET [32m304[39m /COA_manager/COATrees/sheetName/5eadeb75ceb55e64491b0b6e - [32m145.048[39m ms
2021-01-11, 11:11:36 a.m. [GDCT] info: GET [32m304[39m /COA_manager/COATrees/sheetName/5eade95eceb55e64491b0b67 - [32m145.476[39m ms
2021-01-11, 11:11:36 a.m. [GDCT] info: GET [32m304[39m /COA_manager/COATrees/sheetName/5eade90dceb55e64491b0b65 - [32m146.915[39m ms
2021-01-11, 11:11:56 a.m. [GDCT] info: GET [32m304[39m /COA_manager/COATrees/sheetName/5eade987ceb55e64491b0b68 - [32m859.399[39m ms
2021-01-11, 11:11:56 a.m. [GDCT] info: DELETE [32m200[39m /COA_manager/COATrees/5ffc78ae8a903a3c500aa606 - [32m228.275[39m ms
2021-01-11, 11:12:16 a.m. [GDCT] info: GET [32m304[39m /profile - [32m734.627[39m ms
2021-01-11, 11:12:18 a.m. [GDCT] info: GET [32m304[39m /sheetNames - [32m1101.066[39m ms
2021-01-11, 11:12:19 a.m. [GDCT] info: GET [32m304[39m /Menus - [32m2127.843[39m ms
2021-01-11, 11:12:20 a.m. [GDCT] info: GET [32m304[39m /sheetNames - [32m1507.763[39m ms
2021-01-11, 11:12:21 a.m. [GDCT] info: GET [32m200[39m /COA_manager/COATrees/sheetName/5eade987ceb55e64491b0b68 - [32m677.273[39m ms
2021-01-11, 11:12:21 a.m. [GDCT] info: GET [32m304[39m /COA_manager/COATrees/sheetName/5eadecc1ceb55e64491b0b80 - [32m750.405[39m ms
2021-01-11, 11:12:21 a.m. [GDCT] info: GET [32m304[39m /COA_manager/COATrees/sheetName/5eadec62ceb55e64491b0b77 - [32m744.558[39m ms
2021-01-11, 11:12:21 a.m. [GDCT] info: GET [32m304[39m /COA_manager/COATrees/sheetName/5eadea25ceb55e64491b0b6c - [32m744.663[39m ms
2021-01-11, 11:12:21 a.m. [GDCT] info: GET [32m304[39m /COA_manager/COATrees/sheetName/5eade920ceb55e64491b0b66 - [32m732.374[39m ms
2021-01-11, 11:12:21 a.m. [GDCT] info: GET [32m304[39m /COA_manager/COATrees/sheetName/5eac8ae29a8fe3217fe81f87 - [32m738.904[39m ms
2021-01-11, 11:12:21 a.m. [GDCT] info: GET [32m304[39m /COA_manager/COATrees/sheetName/5eadec31ceb55e64491b0b75 - [32m520.471[39m ms
2021-01-11, 11:12:22 a.m. [GDCT] info: GET [32m304[39m /COA_manager/COATrees/sheetName/5eadec49ceb55e64491b0b76 - [32m528.687[39m ms
2021-01-11, 11:12:22 a.m. [GDCT] info: GET [32m304[39m /COA_manager/COATrees/sheetName/5f1ee59ad181ae43d04c9bd6 - [32m538.702[39m ms
2021-01-11, 11:12:22 a.m. [GDCT] info: GET [32m304[39m /COA_manager/COATrees/sheetName/5eade8e6ceb55e64491b0b63 - [32m532.630[39m ms
2021-01-11, 11:12:22 a.m. [GDCT] info: GET [32m304[39m /COA_manager/COATrees/sheetName/5eadebbaceb55e64491b0b72 - [32m715.566[39m ms
2021-01-11, 11:12:22 a.m. [GDCT] info: GET [32m304[39m /COA_manager/COATrees/sheetName/5eade9a6ceb55e64491b0b69 - [32m770.803[39m ms
2021-01-11, 11:12:23 a.m. [GDCT] info: GET [32m304[39m /COA_manager/COATrees/sheetName/5eadeb61ceb55e64491b0b6d - [32m1367.842[39m ms
2021-01-11, 11:12:24 a.m. [GDCT] info: GET [32m304[39m /COA_manager/COATrees/sheetName/5eade9bbceb55e64491b0b6a - [32m1568.815[39m ms
2021-01-11, 11:12:24 a.m. [GDCT] info: GET [32m304[39m /COA_manager/COATrees/sheetName/5eadebfbceb55e64491b0b73 - [32m1572.276[39m ms
2021-01-11, 11:12:24 a.m. [GDCT] info: GET [32m304[39m /COA_manager/COATrees/sheetName/5eadeb8eceb55e64491b0b70 - [32m1564.694[39m ms
2021-01-11, 11:12:25 a.m. [GDCT] info: GET [32m304[39m /COA_manager/COATrees/sheetName/5eadeba4ceb55e64491b0b71 - [32m1618.633[39m ms
2021-01-11, 11:12:25 a.m. [GDCT] info: GET [32m304[39m /COA_manager/COATrees/sheetName/5eade8fcceb55e64491b0b64 - [32m1699.803[39m ms
2021-01-11, 11:12:26 a.m. [GDCT] info: GET [32m304[39m /COA_manager/COATrees/sheetName/5eade9d2ceb55e64491b0b6b - [32m2085.444[39m ms
2021-01-11, 11:12:26 a.m. [GDCT] info: GET [32m304[39m /COA_manager/COATrees/sheetName/5eade95eceb55e64491b0b67 - [32m1926.255[39m ms
2021-01-11, 11:12:26 a.m. [GDCT] info: GET [32m304[39m /COA_manager/COATrees/sheetName/5eade90dceb55e64491b0b65 - [32m1943.141[39m ms
2021-01-11, 11:12:26 a.m. [GDCT] info: GET [32m304[39m /COA_manager/COATrees/sheetName/5eadec19ceb55e64491b0b74 - [32m1950.329[39m ms
2021-01-11, 11:12:26 a.m. [GDCT] info: GET [32m304[39m /COA_manager/COATrees/sheetName/5eadeb75ceb55e64491b0b6e - [32m988.752[39m ms
2021-01-11, 11:12:32 a.m. [GDCT] info: GET [32m304[39m /Menus - [32m1460.072[39m ms
2021-01-11, 11:12:34 a.m. [GDCT] info: GET [32m304[39m /Menus - [32m1747.079[39m ms
2021-01-11, 11:13:15 a.m. [GDCT] info: GET [32m304[39m /profile - [32m83.690[39m ms
2021-01-11, 11:13:16 a.m. [GDCT] info: GET [32m304[39m /sheetNames - [32m133.279[39m ms
2021-01-11, 11:13:16 a.m. [GDCT] info: GET [32m304[39m /Menus - [32m229.788[39m ms
2021-01-11, 11:13:16 a.m. [GDCT] info: GET [32m304[39m /sheetNames - [32m125.763[39m ms
2021-01-11, 11:13:16 a.m. [GDCT] info: GET [32m304[39m /COA_manager/COATrees/sheetName/5eadec62ceb55e64491b0b77 - [32m115.100[39m ms
2021-01-11, 11:13:16 a.m. [GDCT] info: GET [32m304[39m /COA_manager/COATrees/sheetName/5eade987ceb55e64491b0b68 - [32m124.456[39m ms
2021-01-11, 11:13:16 a.m. [GDCT] info: GET [32m304[39m /COA_manager/COATrees/sheetName/5eadea25ceb55e64491b0b6c - [32m122.382[39m ms
2021-01-11, 11:13:16 a.m. [GDCT] info: GET [32m304[39m /COA_manager/COATrees/sheetName/5eadecc1ceb55e64491b0b80 - [32m150.742[39m ms
2021-01-11, 11:13:16 a.m. [GDCT] info: GET [32m304[39m /COA_manager/COATrees/sheetName/5eade920ceb55e64491b0b66 - [32m150.582[39m ms
2021-01-11, 11:13:16 a.m. [GDCT] info: GET [32m304[39m /COA_manager/COATrees/sheetName/5eac8ae29a8fe3217fe81f87 - [32m150.021[39m ms
2021-01-11, 11:13:16 a.m. [GDCT] info: GET [32m304[39m /COA_manager/COATrees/sheetName/5f1ee59ad181ae43d04c9bd6 - [32m109.268[39m ms
2021-01-11, 11:13:16 a.m. [GDCT] info: GET [32m304[39m /COA_manager/COATrees/sheetName/5eade8e6ceb55e64491b0b63 - [32m123.247[39m ms
2021-01-11, 11:13:16 a.m. [GDCT] info: GET [32m304[39m /COA_manager/COATrees/sheetName/5eadec31ceb55e64491b0b75 - [32m133.584[39m ms
2021-01-11, 11:13:16 a.m. [GDCT] info: GET [32m304[39m /COA_manager/COATrees/sheetName/5eadec49ceb55e64491b0b76 - [32m94.567[39m ms
2021-01-11, 11:13:16 a.m. [GDCT] info: GET [32m304[39m /COA_manager/COATrees/sheetName/5eadebbaceb55e64491b0b72 - [32m102.487[39m ms
2021-01-11, 11:13:16 a.m. [GDCT] info: GET [32m304[39m /COA_manager/COATrees/sheetName/5eade9a6ceb55e64491b0b69 - [32m151.212[39m ms
2021-01-11, 11:13:16 a.m. [GDCT] info: GET [32m304[39m /COA_manager/COATrees/sheetName/5eadeb61ceb55e64491b0b6d - [32m124.250[39m ms
2021-01-11, 11:13:17 a.m. [GDCT] info: GET [32m304[39m /COA_manager/COATrees/sheetName/5eadeb8eceb55e64491b0b70 - [32m113.852[39m ms
2021-01-11, 11:13:17 a.m. [GDCT] info: GET [32m304[39m /COA_manager/COATrees/sheetName/5eade8fcceb55e64491b0b64 - [32m99.777[39m ms
2021-01-11, 11:13:17 a.m. [GDCT] info: GET [32m304[39m /COA_manager/COATrees/sheetName/5eadebfbceb55e64491b0b73 - [32m114.058[39m ms
2021-01-11, 11:13:17 a.m. [GDCT] info: GET [32m304[39m /COA_manager/COATrees/sheetName/5eade9bbceb55e64491b0b6a - [32m105.817[39m ms
2021-01-11, 11:13:17 a.m. [GDCT] info: GET [32m304[39m /COA_manager/COATrees/sheetName/5eadeba4ceb55e64491b0b71 - [32m95.799[39m ms
2021-01-11, 11:13:17 a.m. [GDCT] info: GET [32m304[39m /COA_manager/COATrees/sheetName/5eade9d2ceb55e64491b0b6b - [32m117.030[39m ms
2021-01-11, 11:13:17 a.m. [GDCT] info: GET [32m304[39m /COA_manager/COATrees/sheetName/5eade90dceb55e64491b0b65 - [32m102.210[39m ms
2021-01-11, 11:13:17 a.m. [GDCT] info: GET [32m304[39m /COA_manager/COATrees/sheetName/5eadec19ceb55e64491b0b74 - [32m107.568[39m ms
2021-01-11, 11:13:17 a.m. [GDCT] info: GET [32m304[39m /COA_manager/COATrees/sheetName/5eade95eceb55e64491b0b67 - [32m103.933[39m ms
2021-01-11, 11:13:17 a.m. [GDCT] info: GET [32m304[39m /COA_manager/COATrees/sheetName/5eadeb75ceb55e64491b0b6e - [32m145.918[39m ms
2021-01-11, 11:13:29 a.m. [GDCT] info: GET [32m304[39m /profile - [32m72.207[39m ms
2021-01-11, 11:13:29 a.m. [GDCT] info: GET [32m304[39m /sheetNames - [32m177.344[39m ms
2021-01-11, 11:13:29 a.m. [GDCT] info: GET [32m304[39m /Menus - [32m307.762[39m ms
2021-01-11, 11:13:29 a.m. [GDCT] info: GET [32m304[39m /sheetNames - [32m157.560[39m ms
2021-01-11, 11:13:30 a.m. [GDCT] info: GET [32m304[39m /COA_manager/COATrees/sheetName/5eade987ceb55e64491b0b68 - [32m114.556[39m ms
2021-01-11, 11:13:30 a.m. [GDCT] info: GET [32m304[39m /COA_manager/COATrees/sheetName/5eadea25ceb55e64491b0b6c - [32m116.784[39m ms
2021-01-11, 11:13:30 a.m. [GDCT] info: GET [32m304[39m /COA_manager/COATrees/sheetName/5eadecc1ceb55e64491b0b80 - [32m121.259[39m ms
2021-01-11, 11:13:30 a.m. [GDCT] info: GET [32m304[39m /COA_manager/COATrees/sheetName/5eade920ceb55e64491b0b66 - [32m134.516[39m ms
2021-01-11, 11:13:30 a.m. [GDCT] info: GET [32m304[39m /COA_manager/COATrees/sheetName/5eadec62ceb55e64491b0b77 - [32m116.695[39m ms
2021-01-11, 11:13:30 a.m. [GDCT] info: GET [32m304[39m /COA_manager/COATrees/sheetName/5eac8ae29a8fe3217fe81f87 - [32m131.818[39m ms
2021-01-11, 11:13:30 a.m. [GDCT] info: GET [32m304[39m /COA_manager/COATrees/sheetName/5eade8e6ceb55e64491b0b63 - [32m123.418[39m ms
2021-01-11, 11:13:30 a.m. [GDCT] info: GET [32m304[39m /COA_manager/COATrees/sheetName/5f1ee59ad181ae43d04c9bd6 - [32m129.225[39m ms
2021-01-11, 11:13:30 a.m. [GDCT] info: GET [32m304[39m /COA_manager/COATrees/sheetName/5eadec31ceb55e64491b0b75 - [32m168.692[39m ms
2021-01-11, 11:13:30 a.m. [GDCT] info: GET [32m304[39m /COA_manager/COATrees/sheetName/5eade9a6ceb55e64491b0b69 - [32m155.268[39m ms
2021-01-11, 11:13:30 a.m. [GDCT] info: GET [32m304[39m /COA_manager/COATrees/sheetName/5eadebbaceb55e64491b0b72 - [32m156.946[39m ms
2021-01-11, 11:13:30 a.m. [GDCT] info: GET [32m304[39m /COA_manager/COATrees/sheetName/5eadec49ceb55e64491b0b76 - [32m187.115[39m ms
2021-01-11, 11:13:30 a.m. [GDCT] info: GET [32m304[39m /COA_manager/COATrees/sheetName/5eadeb61ceb55e64491b0b6d - [32m206.544[39m ms
2021-01-11, 11:13:30 a.m. [GDCT] info: GET [32m304[39m /COA_manager/COATrees/sheetName/5eade8fcceb55e64491b0b64 - [32m128.218[39m ms
2021-01-11, 11:13:30 a.m. [GDCT] info: GET [32m304[39m /COA_manager/COATrees/sheetName/5eadebfbceb55e64491b0b73 - [32m177.635[39m ms
2021-01-11, 11:13:30 a.m. [GDCT] info: GET [32m304[39m /COA_manager/COATrees/sheetName/5eade9bbceb55e64491b0b6a - [32m138.717[39m ms
2021-01-11, 11:13:30 a.m. [GDCT] info: GET [32m304[39m /COA_manager/COATrees/sheetName/5eadeb8eceb55e64491b0b70 - [32m172.231[39m ms
2021-01-11, 11:13:30 a.m. [GDCT] info: GET [32m304[39m /COA_manager/COATrees/sheetName/5eadeba4ceb55e64491b0b71 - [32m153.760[39m ms
2021-01-11, 11:13:30 a.m. [GDCT] info: GET [32m304[39m /COA_manager/COATrees/sheetName/5eadec19ceb55e64491b0b74 - [32m135.475[39m ms
2021-01-11, 11:13:30 a.m. [GDCT] info: GET [32m304[39m /COA_manager/COATrees/sheetName/5eade9d2ceb55e64491b0b6b - [32m172.878[39m ms
2021-01-11, 11:13:30 a.m. [GDCT] info: GET [32m304[39m /COA_manager/COATrees/sheetName/5eade90dceb55e64491b0b65 - [32m157.266[39m ms
2021-01-11, 11:13:30 a.m. [GDCT] info: GET [32m304[39m /COA_manager/COATrees/sheetName/5eade95eceb55e64491b0b67 - [32m136.249[39m ms
2021-01-11, 11:13:30 a.m. [GDCT] info: GET [32m304[39m /COA_manager/COATrees/sheetName/5eadeb75ceb55e64491b0b6e - [32m156.811[39m ms
2021-01-11, 11:13:36 a.m. [GDCT] info: GET [32m304[39m /COA_manager/COAs - [32m205.756[39m ms
2021-01-11, 11:13:36 a.m. [GDCT] info: GET [32m304[39m /COA_manager/COATrees/sheetName/5eade987ceb55e64491b0b68 - [32m111.188[39m ms
2021-01-11, 11:13:59 a.m. [GDCT] info: GET [32m304[39m /COA_manager/COAGroups - [32m119.673[39m ms
2021-01-11, 11:14:00 a.m. [GDCT] info: POST [32m200[39m /COA_manager/COATrees - [32m175.475[39m ms
2021-01-11, 11:14:02 a.m. [GDCT] info: GET [32m304[39m /COA_manager/COAs - [32m270.297[39m ms
2021-01-11, 11:14:07 a.m. [GDCT] info: PUT [32m200[39m /COA_manager/COATrees/sheetName/5eade987ceb55e64491b0b68 - [32m189.364[39m ms
2021-01-11, 11:14:10 a.m. [GDCT] info: GET [32m304[39m /sheetNames - [32m118.210[39m ms
2021-01-11, 11:14:10 a.m. [GDCT] info: GET [32m304[39m /sheetNames - [32m113.628[39m ms
2021-01-11, 11:14:10 a.m. [GDCT] info: GET [32m304[39m /COA_manager/COATrees/sheetName/5eade920ceb55e64491b0b66 - [32m159.912[39m ms
2021-01-11, 11:14:10 a.m. [GDCT] info: GET [32m304[39m /COA_manager/COATrees/sheetName/5eadea25ceb55e64491b0b6c - [32m170.060[39m ms
2021-01-11, 11:14:10 a.m. [GDCT] info: GET [32m304[39m /COA_manager/COATrees/sheetName/5eac8ae29a8fe3217fe81f87 - [32m161.749[39m ms
2021-01-11, 11:14:10 a.m. [GDCT] info: GET [32m200[39m /COA_manager/COATrees/sheetName/5eade987ceb55e64491b0b68 - [32m172.070[39m ms
2021-01-11, 11:14:10 a.m. [GDCT] info: GET [32m304[39m /COA_manager/COATrees/sheetName/5eadec62ceb55e64491b0b77 - [32m165.278[39m ms
2021-01-11, 11:14:10 a.m. [GDCT] info: GET [32m304[39m /COA_manager/COATrees/sheetName/5eadecc1ceb55e64491b0b80 - [32m165.391[39m ms
2021-01-11, 11:14:11 a.m. [GDCT] info: GET [32m304[39m /COA_manager/COATrees/sheetName/5f1ee59ad181ae43d04c9bd6 - [32m144.668[39m ms
2021-01-11, 11:14:11 a.m. [GDCT] info: GET [32m304[39m /COA_manager/COATrees/sheetName/5eade8e6ceb55e64491b0b63 - [32m146.669[39m ms
2021-01-11, 11:14:11 a.m. [GDCT] info: GET [32m304[39m /COA_manager/COATrees/sheetName/5eadec31ceb55e64491b0b75 - [32m154.437[39m ms
2021-01-11, 11:14:11 a.m. [GDCT] info: GET [32m304[39m /COA_manager/COATrees/sheetName/5eadebbaceb55e64491b0b72 - [32m186.011[39m ms
2021-01-11, 11:14:11 a.m. [GDCT] info: GET [32m304[39m /COA_manager/COATrees/sheetName/5eadec49ceb55e64491b0b76 - [32m187.836[39m ms
2021-01-11, 11:14:11 a.m. [GDCT] info: GET [32m304[39m /COA_manager/COATrees/sheetName/5eade9a6ceb55e64491b0b69 - [32m171.296[39m ms
2021-01-11, 11:14:11 a.m. [GDCT] info: GET [32m304[39m /COA_manager/COATrees/sheetName/5eadeb61ceb55e64491b0b6d - [32m108.721[39m ms
2021-01-11, 11:14:11 a.m. [GDCT] info: GET [32m304[39m /COA_manager/COATrees/sheetName/5eadebfbceb55e64491b0b73 - [32m136.107[39m ms
2021-01-11, 11:14:11 a.m. [GDCT] info: GET [32m304[39m /COA_manager/COATrees/sheetName/5eadeb8eceb55e64491b0b70 - [32m140.265[39m ms
2021-01-11, 11:14:11 a.m. [GDCT] info: GET [32m304[39m /COA_manager/COATrees/sheetName/5eade8fcceb55e64491b0b64 - [32m133.647[39m ms
2021-01-11, 11:14:11 a.m. [GDCT] info: GET [32m304[39m /COA_manager/COATrees/sheetName/5eade9bbceb55e64491b0b6a - [32m134.935[39m ms
2021-01-11, 11:14:11 a.m. [GDCT] info: GET [32m304[39m /COA_manager/COATrees/sheetName/5eadeba4ceb55e64491b0b71 - [32m119.471[39m ms
2021-01-11, 11:14:11 a.m. [GDCT] info: GET [32m304[39m /COA_manager/COATrees/sheetName/5eadec19ceb55e64491b0b74 - [32m194.203[39m ms
2021-01-11, 11:14:11 a.m. [GDCT] info: GET [32m304[39m /COA_manager/COATrees/sheetName/5eade9d2ceb55e64491b0b6b - [32m202.080[39m ms
2021-01-11, 11:14:11 a.m. [GDCT] info: GET [32m304[39m /COA_manager/COATrees/sheetName/5eadeb75ceb55e64491b0b6e - [32m188.731[39m ms
2021-01-11, 11:14:11 a.m. [GDCT] info: GET [32m304[39m /COA_manager/COATrees/sheetName/5eade95eceb55e64491b0b67 - [32m231.162[39m ms
2021-01-11, 11:14:11 a.m. [GDCT] info: GET [32m304[39m /COA_manager/COATrees/sheetName/5eade90dceb55e64491b0b65 - [32m199.157[39m ms
2021-01-11, 11:14:17 a.m. [GDCT] info: GET [32m304[39m /COA_manager/COATrees/sheetName/5eade987ceb55e64491b0b68 - [32m227.918[39m ms
2021-01-11, 11:14:18 a.m. [GDCT] info: DELETE [32m200[39m /COA_manager/COATrees/5ffc79488a903a3c500aa608 - [32m180.592[39m ms
2021-01-11, 11:14:44 a.m. [GDCT] info: GET [32m304[39m /profile - [32m74.349[39m ms
2021-01-11, 11:14:44 a.m. [GDCT] info: GET [32m304[39m /sheetNames - [32m102.691[39m ms
2021-01-11, 11:14:44 a.m. [GDCT] info: GET [32m304[39m /Menus - [32m210.655[39m ms
2021-01-11, 11:14:44 a.m. [GDCT] info: GET [32m304[39m /sheetNames - [32m134.508[39m ms
2021-01-11, 11:14:44 a.m. [GDCT] info: GET [32m200[39m /COA_manager/COATrees/sheetName/5eade987ceb55e64491b0b68 - [32m103.258[39m ms
2021-01-11, 11:14:44 a.m. [GDCT] info: GET [32m304[39m /COA_manager/COATrees/sheetName/5eadecc1ceb55e64491b0b80 - [32m121.067[39m ms
2021-01-11, 11:14:44 a.m. [GDCT] info: GET [32m304[39m /COA_manager/COATrees/sheetName/5eadec62ceb55e64491b0b77 - [32m107.256[39m ms
2021-01-11, 11:14:44 a.m. [GDCT] info: GET [32m304[39m /COA_manager/COATrees/sheetName/5eadea25ceb55e64491b0b6c - [32m129.005[39m ms
2021-01-11, 11:14:44 a.m. [GDCT] info: GET [32m304[39m /COA_manager/COATrees/sheetName/5eade920ceb55e64491b0b66 - [32m128.759[39m ms
2021-01-11, 11:14:44 a.m. [GDCT] info: GET [32m304[39m /COA_manager/COATrees/sheetName/5eac8ae29a8fe3217fe81f87 - [32m123.408[39m ms
2021-01-11, 11:14:44 a.m. [GDCT] info: GET [32m304[39m /COA_manager/COATrees/sheetName/5f1ee59ad181ae43d04c9bd6 - [32m111.571[39m ms
2021-01-11, 11:14:44 a.m. [GDCT] info: GET [32m304[39m /COA_manager/COATrees/sheetName/5eadec49ceb55e64491b0b76 - [32m112.738[39m ms
2021-01-11, 11:14:44 a.m. [GDCT] info: GET [32m304[39m /COA_manager/COATrees/sheetName/5eade8e6ceb55e64491b0b63 - [32m119.595[39m ms
2021-01-11, 11:14:44 a.m. [GDCT] info: GET [32m304[39m /COA_manager/COATrees/sheetName/5eadec31ceb55e64491b0b75 - [32m159.913[39m ms
2021-01-11, 11:14:44 a.m. [GDCT] info: GET [32m304[39m /COA_manager/COATrees/sheetName/5eadebbaceb55e64491b0b72 - [32m130.652[39m ms
2021-01-11, 11:14:45 a.m. [GDCT] info: GET [32m304[39m /COA_manager/COATrees/sheetName/5eade9a6ceb55e64491b0b69 - [32m107.784[39m ms
2021-01-11, 11:14:45 a.m. [GDCT] info: GET [32m304[39m /COA_manager/COATrees/sheetName/5eadeb61ceb55e64491b0b6d - [32m119.727[39m ms
2021-01-11, 11:14:45 a.m. [GDCT] info: GET [32m304[39m /COA_manager/COATrees/sheetName/5eadeb8eceb55e64491b0b70 - [32m109.212[39m ms
2021-01-11, 11:14:45 a.m. [GDCT] info: GET [32m304[39m /COA_manager/COATrees/sheetName/5eadebfbceb55e64491b0b73 - [32m113.086[39m ms
2021-01-11, 11:14:45 a.m. [GDCT] info: GET [32m304[39m /COA_manager/COATrees/sheetName/5eade9bbceb55e64491b0b6a - [32m104.679[39m ms
2021-01-11, 11:14:45 a.m. [GDCT] info: GET [32m304[39m /COA_manager/COATrees/sheetName/5eade8fcceb55e64491b0b64 - [32m113.127[39m ms
2021-01-11, 11:14:45 a.m. [GDCT] info: GET [32m304[39m /COA_manager/COATrees/sheetName/5eadeba4ceb55e64491b0b71 - [32m134.046[39m ms
2021-01-11, 11:14:45 a.m. [GDCT] info: GET [32m304[39m /COA_manager/COATrees/sheetName/5eade95eceb55e64491b0b67 - [32m132.484[39m ms
2021-01-11, 11:14:45 a.m. [GDCT] info: GET [32m304[39m /COA_manager/COATrees/sheetName/5eade9d2ceb55e64491b0b6b - [32m158.021[39m ms
2021-01-11, 11:14:45 a.m. [GDCT] info: GET [32m304[39m /COA_manager/COATrees/sheetName/5eadeb75ceb55e64491b0b6e - [32m154.327[39m ms
2021-01-11, 11:14:45 a.m. [GDCT] info: GET [32m304[39m /COA_manager/COATrees/sheetName/5eade90dceb55e64491b0b65 - [32m155.959[39m ms
2021-01-11, 11:14:45 a.m. [GDCT] info: GET [32m304[39m /COA_manager/COATrees/sheetName/5eadec19ceb55e64491b0b74 - [32m157.055[39m ms
2021-01-11, 11:15:26 a.m. [GDCT] info: GET [32m304[39m /profile - [32m104.304[39m ms
2021-01-11, 11:15:26 a.m. [GDCT] info: GET [32m304[39m /sheetNames - [32m100.791[39m ms
2021-01-11, 11:15:26 a.m. [GDCT] info: GET [32m304[39m /Menus - [32m222.290[39m ms
2021-01-11, 11:15:26 a.m. [GDCT] info: GET [32m304[39m /sheetNames - [32m131.364[39m ms
2021-01-11, 11:15:26 a.m. [GDCT] info: GET [32m304[39m /COA_manager/COATrees/sheetName/5eadecc1ceb55e64491b0b80 - [32m209.905[39m ms
2021-01-11, 11:15:26 a.m. [GDCT] info: GET [32m304[39m /COA_manager/COATrees/sheetName/5eadea25ceb55e64491b0b6c - [32m210.664[39m ms
2021-01-11, 11:15:26 a.m. [GDCT] info: GET [32m304[39m /COA_manager/COATrees/sheetName/5eac8ae29a8fe3217fe81f87 - [32m203.186[39m ms
2021-01-11, 11:15:26 a.m. [GDCT] info: GET [32m304[39m /COA_manager/COATrees/sheetName/5eade987ceb55e64491b0b68 - [32m212.979[39m ms
2021-01-11, 11:15:26 a.m. [GDCT] info: GET [32m304[39m /COA_manager/COATrees/sheetName/5eadec62ceb55e64491b0b77 - [32m209.044[39m ms
2021-01-11, 11:15:26 a.m. [GDCT] info: GET [32m304[39m /COA_manager/COATrees/sheetName/5eade920ceb55e64491b0b66 - [32m207.288[39m ms
2021-01-11, 11:15:27 a.m. [GDCT] info: GET [32m304[39m /COA_manager/COATrees/sheetName/5f1ee59ad181ae43d04c9bd6 - [32m92.678[39m ms
2021-01-11, 11:15:27 a.m. [GDCT] info: GET [32m304[39m /COA_manager/COATrees/sheetName/5eadec31ceb55e64491b0b75 - [32m102.759[39m ms
2021-01-11, 11:15:27 a.m. [GDCT] info: GET [32m304[39m /COA_manager/COATrees/sheetName/5eade9a6ceb55e64491b0b69 - [32m96.765[39m ms
2021-01-11, 11:15:27 a.m. [GDCT] info: GET [32m304[39m /COA_manager/COATrees/sheetName/5eadec49ceb55e64491b0b76 - [32m123.294[39m ms
2021-01-11, 11:15:27 a.m. [GDCT] info: GET [32m304[39m /COA_manager/COATrees/sheetName/5eade8e6ceb55e64491b0b63 - [32m127.264[39m ms
2021-01-11, 11:15:27 a.m. [GDCT] info: GET [32m304[39m /COA_manager/COATrees/sheetName/5eadebbaceb55e64491b0b72 - [32m128.310[39m ms
2021-01-11, 11:15:27 a.m. [GDCT] info: GET [32m304[39m /COA_manager/COATrees/sheetName/5eadebfbceb55e64491b0b73 - [32m107.690[39m ms
2021-01-11, 11:15:27 a.m. [GDCT] info: GET [32m304[39m /COA_manager/COATrees/sheetName/5eadeb61ceb55e64491b0b6d - [32m108.685[39m ms
2021-01-11, 11:15:27 a.m. [GDCT] info: GET [32m304[39m /COA_manager/COATrees/sheetName/5eade9bbceb55e64491b0b6a - [32m95.309[39m ms
2021-01-11, 11:15:27 a.m. [GDCT] info: GET [32m304[39m /COA_manager/COATrees/sheetName/5eadeb8eceb55e64491b0b70 - [32m122.815[39m ms
2021-01-11, 11:15:27 a.m. [GDCT] info: GET [32m304[39m /COA_manager/COATrees/sheetName/5eade8fcceb55e64491b0b64 - [32m102.288[39m ms
2021-01-11, 11:15:27 a.m. [GDCT] info: GET [32m304[39m /COA_manager/COATrees/sheetName/5eadeba4ceb55e64491b0b71 - [32m134.285[39m ms
2021-01-11, 11:15:27 a.m. [GDCT] info: GET [32m304[39m /COA_manager/COATrees/sheetName/5eade90dceb55e64491b0b65 - [32m156.792[39m ms
2021-01-11, 11:15:27 a.m. [GDCT] info: GET [32m304[39m /COA_manager/COATrees/sheetName/5eade95eceb55e64491b0b67 - [32m180.166[39m ms
2021-01-11, 11:15:27 a.m. [GDCT] info: GET [32m304[39m /COA_manager/COATrees/sheetName/5eade9d2ceb55e64491b0b6b - [32m166.194[39m ms
2021-01-11, 11:15:27 a.m. [GDCT] info: GET [32m304[39m /COA_manager/COATrees/sheetName/5eadec19ceb55e64491b0b74 - [32m163.263[39m ms
2021-01-11, 11:15:27 a.m. [GDCT] info: GET [32m304[39m /COA_manager/COATrees/sheetName/5eadeb75ceb55e64491b0b6e - [32m177.927[39m ms
2021-01-11, 11:15:29 a.m. [GDCT] info: GET [32m304[39m /COA_manager/COAs - [32m323.974[39m ms
2021-01-11, 11:15:29 a.m. [GDCT] info: GET [32m304[39m /COA_manager/COATrees/sheetName/5eade987ceb55e64491b0b68 - [32m108.979[39m ms
2021-01-11, 11:15:30 a.m. [GDCT] info: GET [32m304[39m /COA_manager/COAGroups - [32m112.006[39m ms
2021-01-11, 11:15:31 a.m. [GDCT] info: POST [32m200[39m /COA_manager/COATrees - [32m196.377[39m ms
2021-01-11, 11:15:33 a.m. [GDCT] info: GET [32m304[39m /COA_manager/COAs - [32m172.531[39m ms
2021-01-11, 11:15:35 a.m. [GDCT] info: PUT [32m200[39m /COA_manager/COATrees/sheetName/5eade987ceb55e64491b0b68 - [32m231.416[39m ms
2021-01-11, 11:15:39 a.m. [GDCT] info: GET [32m304[39m /sheetNames - [32m101.787[39m ms
2021-01-11, 11:15:39 a.m. [GDCT] info: GET [32m304[39m /sheetNames - [32m118.684[39m ms
2021-01-11, 11:15:40 a.m. [GDCT] info: GET [32m304[39m /COA_manager/COATrees/sheetName/5eadecc1ceb55e64491b0b80 - [32m105.844[39m ms
2021-01-11, 11:15:40 a.m. [GDCT] info: GET [32m304[39m /COA_manager/COATrees/sheetName/5eac8ae29a8fe3217fe81f87 - [32m105.844[39m ms
2021-01-11, 11:15:40 a.m. [GDCT] info: GET [32m304[39m /COA_manager/COATrees/sheetName/5eadea25ceb55e64491b0b6c - [32m110.042[39m ms
2021-01-11, 11:15:40 a.m. [GDCT] info: GET [32m304[39m /COA_manager/COATrees/sheetName/5eadec62ceb55e64491b0b77 - [32m109.198[39m ms
2021-01-11, 11:15:40 a.m. [GDCT] info: GET [32m304[39m /COA_manager/COATrees/sheetName/5eade920ceb55e64491b0b66 - [32m111.462[39m ms
2021-01-11, 11:15:40 a.m. [GDCT] info: GET [32m200[39m /COA_manager/COATrees/sheetName/5eade987ceb55e64491b0b68 - [32m195.337[39m ms
2021-01-11, 11:15:40 a.m. [GDCT] info: GET [32m304[39m /COA_manager/COATrees/sheetName/5eadec49ceb55e64491b0b76 - [32m135.506[39m ms
2021-01-11, 11:15:40 a.m. [GDCT] info: GET [32m304[39m /COA_manager/COATrees/sheetName/5eadebbaceb55e64491b0b72 - [32m169.211[39m ms
2021-01-11, 11:15:40 a.m. [GDCT] info: GET [32m304[39m /COA_manager/COATrees/sheetName/5eadec31ceb55e64491b0b75 - [32m188.133[39m ms
2021-01-11, 11:15:40 a.m. [GDCT] info: GET [32m304[39m /COA_manager/COATrees/sheetName/5eade8e6ceb55e64491b0b63 - [32m179.248[39m ms
2021-01-11, 11:15:40 a.m. [GDCT] info: GET [32m304[39m /COA_manager/COATrees/sheetName/5f1ee59ad181ae43d04c9bd6 - [32m182.871[39m ms
2021-01-11, 11:15:40 a.m. [GDCT] info: GET [32m304[39m /COA_manager/COATrees/sheetName/5eade9a6ceb55e64491b0b69 - [32m156.824[39m ms
2021-01-11, 11:15:40 a.m. [GDCT] info: GET [32m304[39m /COA_manager/COATrees/sheetName/5eade9bbceb55e64491b0b6a - [32m180.465[39m ms
2021-01-11, 11:15:40 a.m. [GDCT] info: GET [32m304[39m /COA_manager/COATrees/sheetName/5eade8fcceb55e64491b0b64 - [32m181.177[39m ms
2021-01-11, 11:15:40 a.m. [GDCT] info: GET [32m304[39m /COA_manager/COATrees/sheetName/5eadeb61ceb55e64491b0b6d - [32m192.469[39m ms
2021-01-11, 11:15:40 a.m. [GDCT] info: GET [32m304[39m /COA_manager/COATrees/sheetName/5eadeb8eceb55e64491b0b70 - [32m186.913[39m ms
2021-01-11, 11:15:40 a.m. [GDCT] info: GET [32m304[39m /COA_manager/COATrees/sheetName/5eadebfbceb55e64491b0b73 - [32m126.452[39m ms
2021-01-11, 11:15:40 a.m. [GDCT] info: GET [32m304[39m /COA_manager/COATrees/sheetName/5eadeba4ceb55e64491b0b71 - [32m186.093[39m ms
2021-01-11, 11:15:40 a.m. [GDCT] info: GET [32m304[39m /COA_manager/COATrees/sheetName/5eade9d2ceb55e64491b0b6b - [32m125.522[39m ms
2021-01-11, 11:15:40 a.m. [GDCT] info: GET [32m304[39m /COA_manager/COATrees/sheetName/5eadeb75ceb55e64491b0b6e - [32m103.581[39m ms
2021-01-11, 11:15:40 a.m. [GDCT] info: GET [32m304[39m /COA_manager/COATrees/sheetName/5eadec19ceb55e64491b0b74 - [32m107.310[39m ms
2021-01-11, 11:15:40 a.m. [GDCT] info: GET [32m304[39m /COA_manager/COATrees/sheetName/5eade90dceb55e64491b0b65 - [32m113.347[39m ms
2021-01-11, 11:15:40 a.m. [GDCT] info: GET [32m304[39m /COA_manager/COATrees/sheetName/5eade95eceb55e64491b0b67 - [32m110.097[39m ms
2021-01-11, 11:15:49 a.m. [GDCT] info: GET [32m304[39m /COA_manager/COATrees/sheetName/5eade987ceb55e64491b0b68 - [32m143.899[39m ms
2021-01-11, 11:15:49 a.m. [GDCT] info: DELETE [32m200[39m /COA_manager/COATrees/5ffc79a38a903a3c500aa60a - [32m177.064[39m ms
2021-01-11, 11:16:41 a.m. [GDCT] info: GET [32m304[39m /profile - [32m75.995[39m ms
2021-01-11, 11:16:41 a.m. [GDCT] info: GET [32m304[39m /sheetNames - [32m130.613[39m ms
2021-01-11, 11:16:41 a.m. [GDCT] info: GET [32m304[39m /Menus - [32m359.259[39m ms
2021-01-11, 11:16:41 a.m. [GDCT] info: GET [32m304[39m /sheetNames - [32m237.135[39m ms
2021-01-11, 11:16:42 a.m. [GDCT] info: GET [32m304[39m /COA_manager/COATrees/sheetName/5eadec62ceb55e64491b0b77 - [32m109.462[39m ms
2021-01-11, 11:16:42 a.m. [GDCT] info: GET [32m304[39m /COA_manager/COATrees/sheetName/5eade920ceb55e64491b0b66 - [32m107.163[39m ms
2021-01-11, 11:16:42 a.m. [GDCT] info: GET [32m304[39m /COA_manager/COATrees/sheetName/5eadecc1ceb55e64491b0b80 - [32m107.034[39m ms
2021-01-11, 11:16:42 a.m. [GDCT] info: GET [32m200[39m /COA_manager/COATrees/sheetName/5eade987ceb55e64491b0b68 - [32m119.088[39m ms
2021-01-11, 11:16:42 a.m. [GDCT] info: GET [32m304[39m /COA_manager/COATrees/sheetName/5eadea25ceb55e64491b0b6c - [32m114.058[39m ms
2021-01-11, 11:16:42 a.m. [GDCT] info: GET [32m304[39m /COA_manager/COATrees/sheetName/5eac8ae29a8fe3217fe81f87 - [32m169.458[39m ms
2021-01-11, 11:16:42 a.m. [GDCT] info: GET [32m304[39m /COA_manager/COATrees/sheetName/5eadec31ceb55e64491b0b75 - [32m127.619[39m ms
2021-01-11, 11:16:42 a.m. [GDCT] info: GET [32m304[39m /COA_manager/COATrees/sheetName/5eade8e6ceb55e64491b0b63 - [32m123.647[39m ms
2021-01-11, 11:16:42 a.m. [GDCT] info: GET [32m304[39m /COA_manager/COATrees/sheetName/5f1ee59ad181ae43d04c9bd6 - [32m123.574[39m ms
2021-01-11, 11:16:42 a.m. [GDCT] info: GET [32m304[39m /COA_manager/COATrees/sheetName/5eadec49ceb55e64491b0b76 - [32m106.759[39m ms
2021-01-11, 11:16:42 a.m. [GDCT] info: GET [32m304[39m /COA_manager/COATrees/sheetName/5eadebbaceb55e64491b0b72 - [32m127.565[39m ms
2021-01-11, 11:16:42 a.m. [GDCT] info: GET [32m304[39m /COA_manager/COATrees/sheetName/5eade9a6ceb55e64491b0b69 - [32m146.512[39m ms
2021-01-11, 11:16:42 a.m. [GDCT] info: GET [32m304[39m /COA_manager/COATrees/sheetName/5eadebfbceb55e64491b0b73 - [32m110.641[39m ms
2021-01-11, 11:16:42 a.m. [GDCT] info: GET [32m304[39m /COA_manager/COATrees/sheetName/5eadeb61ceb55e64491b0b6d - [32m106.051[39m ms
2021-01-11, 11:16:42 a.m. [GDCT] info: GET [32m304[39m /COA_manager/COATrees/sheetName/5eadeb8eceb55e64491b0b70 - [32m106.524[39m ms
2021-01-11, 11:16:42 a.m. [GDCT] info: GET [32m304[39m /COA_manager/COATrees/sheetName/5eade9bbceb55e64491b0b6a - [32m107.473[39m ms
2021-01-11, 11:16:42 a.m. [GDCT] info: GET [32m304[39m /COA_manager/COATrees/sheetName/5eade8fcceb55e64491b0b64 - [32m106.694[39m ms
2021-01-11, 11:16:42 a.m. [GDCT] info: GET [32m304[39m /COA_manager/COATrees/sheetName/5eadeba4ceb55e64491b0b71 - [32m106.191[39m ms
2021-01-11, 11:16:42 a.m. [GDCT] info: GET [32m304[39m /COA_manager/COATrees/sheetName/5eadec19ceb55e64491b0b74 - [32m108.436[39m ms
2021-01-11, 11:16:42 a.m. [GDCT] info: GET [32m304[39m /COA_manager/COATrees/sheetName/5eade9d2ceb55e64491b0b6b - [32m131.457[39m ms
2021-01-11, 11:16:42 a.m. [GDCT] info: GET [32m304[39m /COA_manager/COATrees/sheetName/5eade90dceb55e64491b0b65 - [32m137.742[39m ms
2021-01-11, 11:16:42 a.m. [GDCT] info: GET [32m304[39m /COA_manager/COATrees/sheetName/5eadeb75ceb55e64491b0b6e - [32m99.278[39m ms
2021-01-11, 11:16:43 a.m. [GDCT] info: GET [32m304[39m /COA_manager/COATrees/sheetName/5eade95eceb55e64491b0b67 - [32m126.004[39m ms
2021-01-11, 11:16:47 a.m. [GDCT] info: GET [32m304[39m /COA_manager/COAs - [32m442.796[39m ms
2021-01-11, 11:16:48 a.m. [GDCT] info: GET [32m304[39m /COA_manager/COATrees/sheetName/5eade987ceb55e64491b0b68 - [32m251.770[39m ms
2021-01-11, 11:16:48 a.m. [GDCT] info: GET [32m304[39m /COA_manager/COAGroups - [32m150.477[39m ms
2021-01-11, 11:16:50 a.m. [GDCT] info: POST [32m200[39m /COA_manager/COATrees - [32m144.159[39m ms
2021-01-11, 11:16:52 a.m. [GDCT] info: GET [32m304[39m /COA_manager/COAs - [32m200.654[39m ms
2021-01-11, 11:16:55 a.m. [GDCT] info: PUT [32m200[39m /COA_manager/COATrees/sheetName/5eade987ceb55e64491b0b68 - [32m334.983[39m ms
2021-01-11, 11:16:56 a.m. [GDCT] info: GET [32m304[39m /sheetNames - [32m199.181[39m ms
2021-01-11, 11:16:56 a.m. [GDCT] info: GET [32m304[39m /sheetNames - [32m129.670[39m ms
2021-01-11, 11:16:57 a.m. [GDCT] info: GET [32m304[39m /COA_manager/COATrees/sheetName/5eadea25ceb55e64491b0b6c - [32m118.852[39m ms
2021-01-11, 11:16:57 a.m. [GDCT] info: GET [32m304[39m /COA_manager/COATrees/sheetName/5eac8ae29a8fe3217fe81f87 - [32m112.678[39m ms
2021-01-11, 11:16:57 a.m. [GDCT] info: GET [32m304[39m /COA_manager/COATrees/sheetName/5eadec62ceb55e64491b0b77 - [32m118.879[39m ms
2021-01-11, 11:16:57 a.m. [GDCT] info: GET [32m304[39m /COA_manager/COATrees/sheetName/5eadecc1ceb55e64491b0b80 - [32m121.725[39m ms
2021-01-11, 11:16:57 a.m. [GDCT] info: GET [32m200[39m /COA_manager/COATrees/sheetName/5eade987ceb55e64491b0b68 - [32m156.005[39m ms
2021-01-11, 11:16:57 a.m. [GDCT] info: GET [32m304[39m /COA_manager/COATrees/sheetName/5eade920ceb55e64491b0b66 - [32m114.791[39m ms
2021-01-11, 11:16:57 a.m. [GDCT] info: GET [32m304[39m /COA_manager/COATrees/sheetName/5eadec31ceb55e64491b0b75 - [32m128.016[39m ms
2021-01-11, 11:16:57 a.m. [GDCT] info: GET [32m304[39m /COA_manager/COATrees/sheetName/5f1ee59ad181ae43d04c9bd6 - [32m127.392[39m ms
2021-01-11, 11:16:57 a.m. [GDCT] info: GET [32m304[39m /COA_manager/COATrees/sheetName/5eade9a6ceb55e64491b0b69 - [32m128.580[39m ms
2021-01-11, 11:16:57 a.m. [GDCT] info: GET [32m304[39m /COA_manager/COATrees/sheetName/5eade8e6ceb55e64491b0b63 - [32m127.396[39m ms
2021-01-11, 11:16:57 a.m. [GDCT] info: GET [32m304[39m /COA_manager/COATrees/sheetName/5eadec49ceb55e64491b0b76 - [32m130.254[39m ms
2021-01-11, 11:16:57 a.m. [GDCT] info: GET [32m304[39m /COA_manager/COATrees/sheetName/5eadebbaceb55e64491b0b72 - [32m121.906[39m ms
2021-01-11, 11:16:57 a.m. [GDCT] info: GET [32m304[39m /COA_manager/COATrees/sheetName/5eadeb61ceb55e64491b0b6d - [32m305.763[39m ms
2021-01-11, 11:16:57 a.m. [GDCT] info: GET [32m304[39m /COA_manager/COATrees/sheetName/5eade8fcceb55e64491b0b64 - [32m250.313[39m ms
2021-01-11, 11:16:57 a.m. [GDCT] info: GET [32m304[39m /COA_manager/COATrees/sheetName/5eade9bbceb55e64491b0b6a - [32m260.917[39m ms
2021-01-11, 11:16:57 a.m. [GDCT] info: GET [32m304[39m /COA_manager/COATrees/sheetName/5eadebfbceb55e64491b0b73 - [32m301.909[39m ms
2021-01-11, 11:16:57 a.m. [GDCT] info: GET [32m304[39m /COA_manager/COATrees/sheetName/5eadeba4ceb55e64491b0b71 - [32m330.976[39m ms
2021-01-11, 11:16:57 a.m. [GDCT] info: GET [32m304[39m /COA_manager/COATrees/sheetName/5eadeb8eceb55e64491b0b70 - [32m349.982[39m ms
2021-01-11, 11:16:58 a.m. [GDCT] info: GET [32m304[39m /COA_manager/COATrees/sheetName/5eade95eceb55e64491b0b67 - [32m271.091[39m ms
2021-01-11, 11:16:58 a.m. [GDCT] info: GET [32m304[39m /COA_manager/COATrees/sheetName/5eadec19ceb55e64491b0b74 - [32m270.266[39m ms
2021-01-11, 11:16:58 a.m. [GDCT] info: GET [32m304[39m /COA_manager/COATrees/sheetName/5eade90dceb55e64491b0b65 - [32m269.082[39m ms
2021-01-11, 11:16:58 a.m. [GDCT] info: GET [32m304[39m /COA_manager/COATrees/sheetName/5eade9d2ceb55e64491b0b6b - [32m301.331[39m ms
2021-01-11, 11:16:58 a.m. [GDCT] info: GET [32m304[39m /COA_manager/COATrees/sheetName/5eadeb75ceb55e64491b0b6e - [32m263.815[39m ms
2021-01-11, 11:17:05 a.m. [GDCT] info: GET [32m304[39m /COA_manager/COATrees/sheetName/5eade987ceb55e64491b0b68 - [32m170.116[39m ms
2021-01-11, 11:17:05 a.m. [GDCT] info: DELETE [32m200[39m /COA_manager/COATrees/5ffc79f28a903a3c500aa60c - [32m181.550[39m ms
2021-01-11, 11:26:56 a.m. [GDCT] info: GET [31m401[39m /profile - [32m1.629[39m ms
2021-01-11, 11:26:59 a.m. [GDCT] info: POST [32m200[39m /login - [32m1066.910[39m ms
2021-01-11, 11:26:59 a.m. [GDCT] info: GET [32m304[39m /Menus - [32m272.061[39m ms
2021-01-11, 11:26:59 a.m. [GDCT] info: GET [32m304[39m /Menus - [32m253.981[39m ms
2021-01-11, 11:27:05 a.m. [GDCT] info: GET [32m304[39m /sheetNames - [32m105.943[39m ms
2021-01-11, 11:27:05 a.m. [GDCT] info: GET [32m304[39m /sheetNames - [32m227.766[39m ms
2021-01-11, 11:27:06 a.m. [GDCT] info: GET [32m200[39m /COA_manager/COATrees/sheetName/5eade987ceb55e64491b0b68 - [32m915.886[39m ms
2021-01-11, 11:27:06 a.m. [GDCT] info: GET [32m304[39m /COA_manager/COATrees/sheetName/5eac8ae29a8fe3217fe81f87 - [32m929.492[39m ms
2021-01-11, 11:27:06 a.m. [GDCT] info: GET [32m304[39m /COA_manager/COATrees/sheetName/5eadea25ceb55e64491b0b6c - [32m931.388[39m ms
2021-01-11, 11:27:06 a.m. [GDCT] info: GET [32m304[39m /COA_manager/COATrees/sheetName/5eadecc1ceb55e64491b0b80 - [32m936.673[39m ms
2021-01-11, 11:27:06 a.m. [GDCT] info: GET [32m304[39m /COA_manager/COATrees/sheetName/5eade920ceb55e64491b0b66 - [32m930.838[39m ms
2021-01-11, 11:27:06 a.m. [GDCT] info: GET [32m304[39m /COA_manager/COATrees/sheetName/5eadec62ceb55e64491b0b77 - [32m931.911[39m ms
2021-01-11, 11:27:06 a.m. [GDCT] info: GET [32m304[39m /COA_manager/COATrees/sheetName/5eadec31ceb55e64491b0b75 - [32m124.690[39m ms
2021-01-11, 11:27:06 a.m. [GDCT] info: GET [32m304[39m /COA_manager/COATrees/sheetName/5f1ee59ad181ae43d04c9bd6 - [32m143.936[39m ms
2021-01-11, 11:27:06 a.m. [GDCT] info: GET [32m304[39m /COA_manager/COATrees/sheetName/5eade8e6ceb55e64491b0b63 - [32m136.741[39m ms
2021-01-11, 11:27:06 a.m. [GDCT] info: GET [32m304[39m /COA_manager/COATrees/sheetName/5eade9a6ceb55e64491b0b69 - [32m149.182[39m ms
2021-01-11, 11:27:06 a.m. [GDCT] info: GET [32m304[39m /COA_manager/COATrees/sheetName/5eadebbaceb55e64491b0b72 - [32m166.121[39m ms
2021-01-11, 11:27:06 a.m. [GDCT] info: GET [32m304[39m /COA_manager/COATrees/sheetName/5eadec49ceb55e64491b0b76 - [32m135.887[39m ms
2021-01-11, 11:27:07 a.m. [GDCT] info: GET [32m304[39m /COA_manager/COATrees/sheetName/5eadeb61ceb55e64491b0b6d - [32m133.644[39m ms
2021-01-11, 11:27:07 a.m. [GDCT] info: GET [32m304[39m /COA_manager/COATrees/sheetName/5eadeb8eceb55e64491b0b70 - [32m193.900[39m ms
2021-01-11, 11:27:07 a.m. [GDCT] info: GET [32m304[39m /COA_manager/COATrees/sheetName/5eadebfbceb55e64491b0b73 - [32m193.724[39m ms
2021-01-11, 11:27:07 a.m. [GDCT] info: GET [32m304[39m /COA_manager/COATrees/sheetName/5eade8fcceb55e64491b0b64 - [32m174.328[39m ms
2021-01-11, 11:27:07 a.m. [GDCT] info: GET [32m304[39m /COA_manager/COATrees/sheetName/5eade9bbceb55e64491b0b6a - [32m217.306[39m ms
2021-01-11, 11:27:07 a.m. [GDCT] info: GET [32m304[39m /COA_manager/COATrees/sheetName/5eadeba4ceb55e64491b0b71 - [32m233.293[39m ms
2021-01-11, 11:27:07 a.m. [GDCT] info: GET [32m304[39m /COA_manager/COATrees/sheetName/5eade9d2ceb55e64491b0b6b - [32m138.489[39m ms
2021-01-11, 11:27:07 a.m. [GDCT] info: GET [32m304[39m /COA_manager/COATrees/sheetName/5eadec19ceb55e64491b0b74 - [32m99.196[39m ms
2021-01-11, 11:27:07 a.m. [GDCT] info: GET [32m304[39m /COA_manager/COATrees/sheetName/5eade90dceb55e64491b0b65 - [32m124.421[39m ms
2021-01-11, 11:27:07 a.m. [GDCT] info: GET [32m304[39m /COA_manager/COATrees/sheetName/5eade95eceb55e64491b0b67 - [32m131.224[39m ms
2021-01-11, 11:27:07 a.m. [GDCT] info: GET [32m304[39m /COA_manager/COATrees/sheetName/5eadeb75ceb55e64491b0b6e - [32m107.967[39m ms
2021-01-11, 11:27:34 a.m. [GDCT] info: GET [32m304[39m /COA_manager/COAs - [32m194.752[39m ms
2021-01-11, 11:27:34 a.m. [GDCT] info: GET [32m304[39m /COA_manager/COATrees/sheetName/5eade987ceb55e64491b0b68 - [32m108.871[39m ms
2021-01-11, 11:27:34 a.m. [GDCT] info: GET [32m304[39m /COA_manager/COAGroups - [32m108.033[39m ms
2021-01-11, 11:27:36 a.m. [GDCT] info: POST [32m200[39m /COA_manager/COATrees - [32m175.848[39m ms
2021-01-11, 11:27:37 a.m. [GDCT] info: GET [32m304[39m /COA_manager/COAs - [32m223.530[39m ms
2021-01-11, 11:27:41 a.m. [GDCT] info: PUT [32m200[39m /COA_manager/COATrees/sheetName/5eade987ceb55e64491b0b68 - [32m230.200[39m ms
2021-01-11, 11:27:42 a.m. [GDCT] info: GET [32m304[39m /sheetNames - [32m110.622[39m ms
2021-01-11, 11:27:42 a.m. [GDCT] info: GET [32m304[39m /sheetNames - [32m107.205[39m ms
2021-01-11, 11:27:43 a.m. [GDCT] info: GET [32m304[39m /COA_manager/COATrees/sheetName/5eade920ceb55e64491b0b66 - [32m112.639[39m ms
2021-01-11, 11:27:43 a.m. [GDCT] info: GET [32m304[39m /COA_manager/COATrees/sheetName/5eadea25ceb55e64491b0b6c - [32m118.746[39m ms
2021-01-11, 11:27:43 a.m. [GDCT] info: GET [32m304[39m /COA_manager/COATrees/sheetName/5eac8ae29a8fe3217fe81f87 - [32m142.955[39m ms
2021-01-11, 11:27:43 a.m. [GDCT] info: GET [32m304[39m /COA_manager/COATrees/sheetName/5eadecc1ceb55e64491b0b80 - [32m156.340[39m ms
2021-01-11, 11:27:43 a.m. [GDCT] info: GET [32m304[39m /COA_manager/COATrees/sheetName/5eadec62ceb55e64491b0b77 - [32m146.012[39m ms
2021-01-11, 11:27:43 a.m. [GDCT] info: GET [32m200[39m /COA_manager/COATrees/sheetName/5eade987ceb55e64491b0b68 - [32m163.707[39m ms
2021-01-11, 11:27:43 a.m. [GDCT] info: GET [32m304[39m /COA_manager/COATrees/sheetName/5eadec31ceb55e64491b0b75 - [32m127.878[39m ms
2021-01-11, 11:27:43 a.m. [GDCT] info: GET [32m304[39m /COA_manager/COATrees/sheetName/5eade8e6ceb55e64491b0b63 - [32m129.572[39m ms
2021-01-11, 11:27:43 a.m. [GDCT] info: GET [32m304[39m /COA_manager/COATrees/sheetName/5eade9a6ceb55e64491b0b69 - [32m125.276[39m ms
2021-01-11, 11:27:43 a.m. [GDCT] info: GET [32m304[39m /COA_manager/COATrees/sheetName/5eadebbaceb55e64491b0b72 - [32m143.554[39m ms
2021-01-11, 11:27:43 a.m. [GDCT] info: GET [32m304[39m /COA_manager/COATrees/sheetName/5eadec49ceb55e64491b0b76 - [32m141.220[39m ms
2021-01-11, 11:27:43 a.m. [GDCT] info: GET [32m304[39m /COA_manager/COATrees/sheetName/5f1ee59ad181ae43d04c9bd6 - [32m147.511[39m ms
2021-01-11, 11:27:43 a.m. [GDCT] info: GET [32m304[39m /COA_manager/COATrees/sheetName/5eadeb61ceb55e64491b0b6d - [32m184.239[39m ms
2021-01-11, 11:27:43 a.m. [GDCT] info: GET [32m304[39m /COA_manager/COATrees/sheetName/5eadebfbceb55e64491b0b73 - [32m149.583[39m ms
2021-01-11, 11:27:43 a.m. [GDCT] info: GET [32m304[39m /COA_manager/COATrees/sheetName/5eadeb8eceb55e64491b0b70 - [32m175.969[39m ms
2021-01-11, 11:27:43 a.m. [GDCT] info: GET [32m304[39m /COA_manager/COATrees/sheetName/5eade9bbceb55e64491b0b6a - [32m136.666[39m ms
2021-01-11, 11:27:43 a.m. [GDCT] info: GET [32m304[39m /COA_manager/COATrees/sheetName/5eadeba4ceb55e64491b0b71 - [32m136.282[39m ms
2021-01-11, 11:27:43 a.m. [GDCT] info: GET [32m304[39m /COA_manager/COATrees/sheetName/5eade8fcceb55e64491b0b64 - [32m137.840[39m ms
2021-01-11, 11:27:43 a.m. [GDCT] info: GET [32m304[39m /COA_manager/COATrees/sheetName/5eade9d2ceb55e64491b0b6b - [32m97.984[39m ms
2021-01-11, 11:27:43 a.m. [GDCT] info: GET [32m304[39m /COA_manager/COATrees/sheetName/5eade90dceb55e64491b0b65 - [32m105.022[39m ms
2021-01-11, 11:27:43 a.m. [GDCT] info: GET [32m304[39m /COA_manager/COATrees/sheetName/5eadec19ceb55e64491b0b74 - [32m135.886[39m ms
2021-01-11, 11:27:43 a.m. [GDCT] info: GET [32m304[39m /COA_manager/COATrees/sheetName/5eade95eceb55e64491b0b67 - [32m102.711[39m ms
2021-01-11, 11:27:43 a.m. [GDCT] info: GET [32m304[39m /COA_manager/COATrees/sheetName/5eadeb75ceb55e64491b0b6e - [32m119.118[39m ms
2021-01-11, 12:24:50 p.m. [GDCT] info: GET [31m401[39m /profile - [32m14.058[39m ms
2021-01-11, 12:27:25 p.m. [GDCT] info: GET [31m401[39m /profile - [32m2.332[39m ms
2021-01-11, 12:28:33 p.m. [GDCT] info: GET [31m401[39m /profile - [32m1.305[39m ms
2021-01-11, 12:28:41 p.m. [GDCT] info: GET [31m401[39m /profile - [32m0.897[39m ms
2021-01-11, 12:29:53 p.m. [GDCT] info: GET [31m401[39m /profile - [32m0.910[39m ms
2021-01-11, 12:30:41 p.m. [GDCT] info: GET [31m401[39m /profile - [32m0.943[39m ms
2021-01-11, 12:30:48 p.m. [GDCT] info: GET [31m401[39m /profile - [32m2.003[39m ms
2021-01-11, 12:31:08 p.m. [GDCT] info: GET [31m401[39m /profile - [32m0.878[39m ms
2021-01-11, 12:31:22 p.m. [GDCT] info: POST [32m200[39m /login - [32m1622.541[39m ms
2021-01-11, 12:31:22 p.m. [GDCT] info: GET [32m304[39m /Menus - [32m246.407[39m ms
2021-01-11, 12:31:23 p.m. [GDCT] info: GET [32m304[39m /Menus - [32m528.502[39m ms
2021-01-11, 12:31:27 p.m. [GDCT] info: GET [32m304[39m /sheetNames - [32m158.876[39m ms
2021-01-11, 12:31:27 p.m. [GDCT] info: GET [32m304[39m /sheetNames - [32m128.334[39m ms
2021-01-11, 12:31:28 p.m. [GDCT] info: GET [32m304[39m /COA_manager/COATrees/sheetName/5eadea25ceb55e64491b0b6c - [32m488.306[39m ms
2021-01-11, 12:31:28 p.m. [GDCT] info: GET [32m304[39m /COA_manager/COATrees/sheetName/5eadecc1ceb55e64491b0b80 - [32m487.314[39m ms
2021-01-11, 12:31:28 p.m. [GDCT] info: GET [32m304[39m /COA_manager/COATrees/sheetName/5eadec62ceb55e64491b0b77 - [32m500.244[39m ms
2021-01-11, 12:31:28 p.m. [GDCT] info: GET [32m304[39m /COA_manager/COATrees/sheetName/5eac8ae29a8fe3217fe81f87 - [32m497.645[39m ms
2021-01-11, 12:31:28 p.m. [GDCT] info: GET [32m304[39m /COA_manager/COATrees/sheetName/5eade920ceb55e64491b0b66 - [32m499.823[39m ms
2021-01-11, 12:31:28 p.m. [GDCT] info: GET [32m200[39m /COA_manager/COATrees/sheetName/5eade987ceb55e64491b0b68 - [32m528.342[39m ms
2021-01-11, 12:31:28 p.m. [GDCT] info: GET [32m304[39m /COA_manager/COATrees/sheetName/5eadec31ceb55e64491b0b75 - [32m104.436[39m ms
2021-01-11, 12:31:28 p.m. [GDCT] info: GET [32m304[39m /COA_manager/COATrees/sheetName/5f1ee59ad181ae43d04c9bd6 - [32m145.165[39m ms
2021-01-11, 12:31:28 p.m. [GDCT] info: GET [32m304[39m /COA_manager/COATrees/sheetName/5eade8e6ceb55e64491b0b63 - [32m128.272[39m ms
2021-01-11, 12:31:28 p.m. [GDCT] info: GET [32m304[39m /COA_manager/COATrees/sheetName/5eadec49ceb55e64491b0b76 - [32m129.982[39m ms
2021-01-11, 12:31:28 p.m. [GDCT] info: GET [32m304[39m /COA_manager/COATrees/sheetName/5eadebbaceb55e64491b0b72 - [32m129.012[39m ms
2021-01-11, 12:31:28 p.m. [GDCT] info: GET [32m304[39m /COA_manager/COATrees/sheetName/5eade9a6ceb55e64491b0b69 - [32m161.555[39m ms
2021-01-11, 12:31:28 p.m. [GDCT] info: GET [32m304[39m /COA_manager/COATrees/sheetName/5eadeb61ceb55e64491b0b6d - [32m105.641[39m ms
2021-01-11, 12:31:28 p.m. [GDCT] info: GET [32m304[39m /COA_manager/COATrees/sheetName/5eadeb8eceb55e64491b0b70 - [32m95.881[39m ms
2021-01-11, 12:31:28 p.m. [GDCT] info: GET [32m304[39m /COA_manager/COATrees/sheetName/5eadebfbceb55e64491b0b73 - [32m106.492[39m ms
2021-01-11, 12:31:29 p.m. [GDCT] info: GET [32m304[39m /COA_manager/COATrees/sheetName/5eade8fcceb55e64491b0b64 - [32m107.552[39m ms
2021-01-11, 12:31:29 p.m. [GDCT] info: GET [32m304[39m /COA_manager/COATrees/sheetName/5eade9bbceb55e64491b0b6a - [32m122.550[39m ms
2021-01-11, 12:31:29 p.m. [GDCT] info: GET [32m304[39m /COA_manager/COATrees/sheetName/5eadeba4ceb55e64491b0b71 - [32m396.267[39m ms
2021-01-11, 12:31:29 p.m. [GDCT] info: GET [32m304[39m /COA_manager/COATrees/sheetName/5eade9d2ceb55e64491b0b6b - [32m448.579[39m ms
2021-01-11, 12:31:29 p.m. [GDCT] info: GET [32m304[39m /COA_manager/COATrees/sheetName/5eade90dceb55e64491b0b65 - [32m413.861[39m ms
2021-01-11, 12:31:29 p.m. [GDCT] info: GET [32m304[39m /COA_manager/COATrees/sheetName/5eadec19ceb55e64491b0b74 - [32m445.156[39m ms
2021-01-11, 12:31:29 p.m. [GDCT] info: GET [32m304[39m /COA_manager/COATrees/sheetName/5eadeb75ceb55e64491b0b6e - [32m112.615[39m ms
2021-01-11, 12:31:29 p.m. [GDCT] info: GET [32m304[39m /COA_manager/COATrees/sheetName/5eade95eceb55e64491b0b67 - [32m114.302[39m ms
2021-01-11, 12:31:35 p.m. [GDCT] info: GET [32m304[39m /COA_manager/COATrees/sheetName/5eade987ceb55e64491b0b68 - [32m156.718[39m ms
2021-01-11, 12:31:35 p.m. [GDCT] info: DELETE [32m200[39m /COA_manager/COATrees/5ffc7c788a903a3c500aa60e - [32m211.467[39m ms
2021-01-11, 12:31:44 p.m. [GDCT] info: GET [32m304[39m /profile - [32m64.588[39m ms
2021-01-11, 12:31:45 p.m. [GDCT] info: GET [32m304[39m /sheetNames - [32m110.763[39m ms
2021-01-11, 12:31:45 p.m. [GDCT] info: GET [32m304[39m /Menus - [32m182.662[39m ms
2021-01-11, 12:31:45 p.m. [GDCT] info: GET [32m304[39m /sheetNames - [32m109.057[39m ms
2021-01-11, 12:31:45 p.m. [GDCT] info: GET [32m200[39m /COA_manager/COATrees/sheetName/5eade987ceb55e64491b0b68 - [32m117.587[39m ms
2021-01-11, 12:31:45 p.m. [GDCT] info: GET [32m304[39m /COA_manager/COATrees/sheetName/5eadecc1ceb55e64491b0b80 - [32m123.388[39m ms
2021-01-11, 12:31:45 p.m. [GDCT] info: GET [32m304[39m /COA_manager/COATrees/sheetName/5eade920ceb55e64491b0b66 - [32m114.804[39m ms
2021-01-11, 12:31:45 p.m. [GDCT] info: GET [32m304[39m /COA_manager/COATrees/sheetName/5eadec62ceb55e64491b0b77 - [32m111.483[39m ms
2021-01-11, 12:31:45 p.m. [GDCT] info: GET [32m304[39m /COA_manager/COATrees/sheetName/5eac8ae29a8fe3217fe81f87 - [32m109.402[39m ms
2021-01-11, 12:31:45 p.m. [GDCT] info: GET [32m304[39m /COA_manager/COATrees/sheetName/5eadea25ceb55e64491b0b6c - [32m114.386[39m ms
2021-01-11, 12:31:45 p.m. [GDCT] info: GET [32m304[39m /COA_manager/COATrees/sheetName/5eadec31ceb55e64491b0b75 - [32m106.339[39m ms
2021-01-11, 12:31:45 p.m. [GDCT] info: GET [32m304[39m /COA_manager/COATrees/sheetName/5eadebbaceb55e64491b0b72 - [32m124.565[39m ms
2021-01-11, 12:31:45 p.m. [GDCT] info: GET [32m304[39m /COA_manager/COATrees/sheetName/5f1ee59ad181ae43d04c9bd6 - [32m147.212[39m ms
2021-01-11, 12:31:45 p.m. [GDCT] info: GET [32m304[39m /COA_manager/COATrees/sheetName/5eadec49ceb55e64491b0b76 - [32m129.897[39m ms
2021-01-11, 12:31:45 p.m. [GDCT] info: GET [32m304[39m /COA_manager/COATrees/sheetName/5eade9a6ceb55e64491b0b69 - [32m119.390[39m ms
2021-01-11, 12:31:45 p.m. [GDCT] info: GET [32m304[39m /COA_manager/COATrees/sheetName/5eade8e6ceb55e64491b0b63 - [32m134.993[39m ms
2021-01-11, 12:31:46 p.m. [GDCT] info: GET [32m304[39m /COA_manager/COATrees/sheetName/5eadeb61ceb55e64491b0b6d - [32m122.686[39m ms
2021-01-11, 12:31:46 p.m. [GDCT] info: GET [32m304[39m /COA_manager/COATrees/sheetName/5eadeb8eceb55e64491b0b70 - [32m140.282[39m ms
2021-01-11, 12:31:46 p.m. [GDCT] info: GET [32m304[39m /COA_manager/COATrees/sheetName/5eadebfbceb55e64491b0b73 - [32m149.380[39m ms
2021-01-11, 12:31:46 p.m. [GDCT] info: GET [32m304[39m /COA_manager/COATrees/sheetName/5eade9bbceb55e64491b0b6a - [32m131.374[39m ms
2021-01-11, 12:31:46 p.m. [GDCT] info: GET [32m304[39m /COA_manager/COATrees/sheetName/5eade8fcceb55e64491b0b64 - [32m144.055[39m ms
2021-01-11, 12:31:46 p.m. [GDCT] info: GET [32m304[39m /COA_manager/COATrees/sheetName/5eadeba4ceb55e64491b0b71 - [32m145.105[39m ms
2021-01-11, 12:31:46 p.m. [GDCT] info: GET [32m304[39m /COA_manager/COATrees/sheetName/5eade9d2ceb55e64491b0b6b - [32m98.627[39m ms
2021-01-11, 12:31:46 p.m. [GDCT] info: GET [32m304[39m /COA_manager/COATrees/sheetName/5eade95eceb55e64491b0b67 - [32m98.927[39m ms
2021-01-11, 12:31:46 p.m. [GDCT] info: GET [32m304[39m /COA_manager/COATrees/sheetName/5eadec19ceb55e64491b0b74 - [32m125.266[39m ms
2021-01-11, 12:31:46 p.m. [GDCT] info: GET [32m304[39m /COA_manager/COATrees/sheetName/5eade90dceb55e64491b0b65 - [32m125.891[39m ms
2021-01-11, 12:31:46 p.m. [GDCT] info: GET [32m304[39m /COA_manager/COATrees/sheetName/5eadeb75ceb55e64491b0b6e - [32m117.133[39m ms
2021-01-11, 12:31:48 p.m. [GDCT] info: GET [32m304[39m /COA_manager/COAs - [32m195.370[39m ms
2021-01-11, 12:31:48 p.m. [GDCT] info: GET [32m304[39m /COA_manager/COATrees/sheetName/5eade987ceb55e64491b0b68 - [32m133.376[39m ms
2021-01-11, 12:31:49 p.m. [GDCT] info: GET [32m304[39m /COA_manager/COAGroups - [32m124.606[39m ms
2021-01-11, 12:31:50 p.m. [GDCT] info: POST [32m200[39m /COA_manager/COATrees - [32m162.146[39m ms
2021-01-11, 12:31:52 p.m. [GDCT] info: GET [32m304[39m /COA_manager/COAs - [32m196.679[39m ms
2021-01-11, 12:31:59 p.m. [GDCT] info: PUT [32m200[39m /COA_manager/COATrees/sheetName/5eade987ceb55e64491b0b68 - [32m208.475[39m ms
2021-01-11, 12:32:01 p.m. [GDCT] info: GET [32m304[39m /sheetNames - [32m140.459[39m ms
2021-01-11, 12:32:01 p.m. [GDCT] info: GET [32m304[39m /sheetNames - [32m160.748[39m ms
2021-01-11, 12:32:01 p.m. [GDCT] info: GET [32m304[39m /COA_manager/COATrees/sheetName/5eadea25ceb55e64491b0b6c - [32m105.922[39m ms
2021-01-11, 12:32:01 p.m. [GDCT] info: GET [32m304[39m /COA_manager/COATrees/sheetName/5eadecc1ceb55e64491b0b80 - [32m106.826[39m ms
2021-01-11, 12:32:01 p.m. [GDCT] info: GET [32m304[39m /COA_manager/COATrees/sheetName/5eac8ae29a8fe3217fe81f87 - [32m129.534[39m ms
2021-01-11, 12:32:01 p.m. [GDCT] info: GET [32m304[39m /COA_manager/COATrees/sheetName/5eade920ceb55e64491b0b66 - [32m131.752[39m ms
2021-01-11, 12:32:01 p.m. [GDCT] info: GET [32m304[39m /COA_manager/COATrees/sheetName/5eadec62ceb55e64491b0b77 - [32m149.942[39m ms
2021-01-11, 12:32:01 p.m. [GDCT] info: GET [32m200[39m /COA_manager/COATrees/sheetName/5eade987ceb55e64491b0b68 - [32m159.989[39m ms
2021-01-11, 12:32:01 p.m. [GDCT] info: GET [32m304[39m /COA_manager/COATrees/sheetName/5eadec31ceb55e64491b0b75 - [32m103.754[39m ms
2021-01-11, 12:32:01 p.m. [GDCT] info: GET [32m304[39m /COA_manager/COATrees/sheetName/5f1ee59ad181ae43d04c9bd6 - [32m101.215[39m ms
2021-01-11, 12:32:01 p.m. [GDCT] info: GET [32m304[39m /COA_manager/COATrees/sheetName/5eadec49ceb55e64491b0b76 - [32m93.655[39m ms
2021-01-11, 12:32:01 p.m. [GDCT] info: GET [32m304[39m /COA_manager/COATrees/sheetName/5eade8e6ceb55e64491b0b63 - [32m99.886[39m ms
2021-01-11, 12:32:01 p.m. [GDCT] info: GET [32m304[39m /COA_manager/COATrees/sheetName/5eadebbaceb55e64491b0b72 - [32m121.059[39m ms
2021-01-11, 12:32:01 p.m. [GDCT] info: GET [32m304[39m /COA_manager/COATrees/sheetName/5eade9a6ceb55e64491b0b69 - [32m115.538[39m ms
2021-01-11, 12:32:01 p.m. [GDCT] info: GET [32m304[39m /COA_manager/COATrees/sheetName/5eadebfbceb55e64491b0b73 - [32m114.652[39m ms
2021-01-11, 12:32:01 p.m. [GDCT] info: GET [32m304[39m /COA_manager/COATrees/sheetName/5eadeb8eceb55e64491b0b70 - [32m113.974[39m ms
2021-01-11, 12:32:01 p.m. [GDCT] info: GET [32m304[39m /COA_manager/COATrees/sheetName/5eade9bbceb55e64491b0b6a - [32m106.321[39m ms
2021-01-11, 12:32:01 p.m. [GDCT] info: GET [32m304[39m /COA_manager/COATrees/sheetName/5eadeb61ceb55e64491b0b6d - [32m119.540[39m ms
2021-01-11, 12:32:01 p.m. [GDCT] info: GET [32m304[39m /COA_manager/COATrees/sheetName/5eade8fcceb55e64491b0b64 - [32m116.284[39m ms
2021-01-11, 12:32:01 p.m. [GDCT] info: GET [32m304[39m /COA_manager/COATrees/sheetName/5eadeba4ceb55e64491b0b71 - [32m116.967[39m ms
2021-01-11, 12:32:01 p.m. [GDCT] info: GET [32m304[39m /COA_manager/COATrees/sheetName/5eade9d2ceb55e64491b0b6b - [32m106.330[39m ms
2021-01-11, 12:32:01 p.m. [GDCT] info: GET [32m304[39m /COA_manager/COATrees/sheetName/5eadec19ceb55e64491b0b74 - [32m108.422[39m ms
2021-01-11, 12:32:01 p.m. [GDCT] info: GET [32m304[39m /COA_manager/COATrees/sheetName/5eade95eceb55e64491b0b67 - [32m133.280[39m ms
2021-01-11, 12:32:01 p.m. [GDCT] info: GET [32m304[39m /COA_manager/COATrees/sheetName/5eade90dceb55e64491b0b65 - [32m149.990[39m ms
2021-01-11, 12:32:01 p.m. [GDCT] info: GET [32m304[39m /COA_manager/COATrees/sheetName/5eadeb75ceb55e64491b0b6e - [32m131.402[39m ms
2021-01-11, 12:34:56 p.m. [GDCT] info: GET [32m304[39m /profile - [32m67.453[39m ms
2021-01-11, 12:34:56 p.m. [GDCT] info: GET [32m304[39m /sheetNames - [32m119.805[39m ms
2021-01-11, 12:34:56 p.m. [GDCT] info: GET [32m304[39m /Menus - [32m198.887[39m ms
2021-01-11, 12:34:56 p.m. [GDCT] info: GET [32m304[39m /sheetNames - [32m122.734[39m ms
2021-01-11, 12:34:56 p.m. [GDCT] info: GET [32m304[39m /COA_manager/COATrees/sheetName/5eadea25ceb55e64491b0b6c - [32m109.590[39m ms
2021-01-11, 12:34:56 p.m. [GDCT] info: GET [32m304[39m /COA_manager/COATrees/sheetName/5eadecc1ceb55e64491b0b80 - [32m114.741[39m ms
2021-01-11, 12:34:56 p.m. [GDCT] info: GET [32m304[39m /COA_manager/COATrees/sheetName/5eade920ceb55e64491b0b66 - [32m114.668[39m ms
2021-01-11, 12:34:56 p.m. [GDCT] info: GET [32m304[39m /COA_manager/COATrees/sheetName/5eadec62ceb55e64491b0b77 - [32m117.786[39m ms
2021-01-11, 12:34:56 p.m. [GDCT] info: GET [32m304[39m /COA_manager/COATrees/sheetName/5eac8ae29a8fe3217fe81f87 - [32m120.944[39m ms
2021-01-11, 12:34:56 p.m. [GDCT] info: GET [32m304[39m /COA_manager/COATrees/sheetName/5eade987ceb55e64491b0b68 - [32m143.314[39m ms
2021-01-11, 12:34:57 p.m. [GDCT] info: GET [32m304[39m /COA_manager/COATrees/sheetName/5eade8e6ceb55e64491b0b63 - [32m105.789[39m ms
2021-01-11, 12:34:57 p.m. [GDCT] info: GET [32m304[39m /COA_manager/COATrees/sheetName/5eadebbaceb55e64491b0b72 - [32m105.281[39m ms
2021-01-11, 12:34:57 p.m. [GDCT] info: GET [32m304[39m /COA_manager/COATrees/sheetName/5f1ee59ad181ae43d04c9bd6 - [32m113.690[39m ms
2021-01-11, 12:34:57 p.m. [GDCT] info: GET [32m304[39m /COA_manager/COATrees/sheetName/5eadec31ceb55e64491b0b75 - [32m114.486[39m ms
2021-01-11, 12:34:57 p.m. [GDCT] info: GET [32m304[39m /COA_manager/COATrees/sheetName/5eadeb61ceb55e64491b0b6d - [32m107.861[39m ms
2021-01-11, 12:34:57 p.m. [GDCT] info: GET [32m304[39m /COA_manager/COATrees/sheetName/5eadeb8eceb55e64491b0b70 - [32m107.036[39m ms
2021-01-11, 12:34:57 p.m. [GDCT] info: GET [32m304[39m /COA_manager/COATrees/sheetName/5eade9bbceb55e64491b0b6a - [32m106.736[39m ms
2021-01-11, 12:34:57 p.m. [GDCT] info: GET [32m304[39m /COA_manager/COATrees/sheetName/5eadebfbceb55e64491b0b73 - [32m111.882[39m ms
2021-01-11, 12:34:57 p.m. [GDCT] info: GET [32m304[39m /COA_manager/COATrees/sheetName/5eadec49ceb55e64491b0b76 - [32m398.983[39m ms
2021-01-11, 12:34:57 p.m. [GDCT] info: GET [32m304[39m /COA_manager/COATrees/sheetName/5eade9a6ceb55e64491b0b69 - [32m415.123[39m ms
2021-01-11, 12:34:57 p.m. [GDCT] info: GET [32m304[39m /COA_manager/COATrees/sheetName/5eadeba4ceb55e64491b0b71 - [32m168.506[39m ms
2021-01-11, 12:34:57 p.m. [GDCT] info: GET [32m304[39m /COA_manager/COATrees/sheetName/5eade8fcceb55e64491b0b64 - [32m173.535[39m ms
2021-01-11, 12:34:57 p.m. [GDCT] info: GET [32m304[39m /COA_manager/COATrees/sheetName/5eadec19ceb55e64491b0b74 - [32m135.097[39m ms
2021-01-11, 12:34:57 p.m. [GDCT] info: GET [32m304[39m /COA_manager/COATrees/sheetName/5eade9d2ceb55e64491b0b6b - [32m122.942[39m ms
2021-01-11, 12:34:57 p.m. [GDCT] info: GET [32m304[39m /COA_manager/COATrees/sheetName/5eade90dceb55e64491b0b65 - [32m138.481[39m ms
2021-01-11, 12:34:57 p.m. [GDCT] info: GET [32m304[39m /COA_manager/COATrees/sheetName/5eade95eceb55e64491b0b67 - [32m143.251[39m ms
2021-01-11, 12:34:57 p.m. [GDCT] info: GET [32m304[39m /COA_manager/COATrees/sheetName/5eadeb75ceb55e64491b0b6e - [32m136.114[39m ms
2021-01-11, 12:35:05 p.m. [GDCT] info: GET [32m304[39m /profile - [32m61.513[39m ms
2021-01-11, 12:35:05 p.m. [GDCT] info: GET [32m304[39m /sheetNames - [32m109.031[39m ms
2021-01-11, 12:35:05 p.m. [GDCT] info: GET [32m304[39m /Menus - [32m211.776[39m ms
2021-01-11, 12:35:06 p.m. [GDCT] info: GET [32m304[39m /sheetNames - [32m126.684[39m ms
2021-01-11, 12:35:06 p.m. [GDCT] info: GET [32m304[39m /COA_manager/COATrees/sheetName/5eadecc1ceb55e64491b0b80 - [32m120.595[39m ms
2021-01-11, 12:35:06 p.m. [GDCT] info: GET [32m304[39m /COA_manager/COATrees/sheetName/5eac8ae29a8fe3217fe81f87 - [32m116.137[39m ms
2021-01-11, 12:35:06 p.m. [GDCT] info: GET [32m304[39m /COA_manager/COATrees/sheetName/5eadec62ceb55e64491b0b77 - [32m125.471[39m ms
2021-01-11, 12:35:06 p.m. [GDCT] info: GET [32m304[39m /COA_manager/COATrees/sheetName/5eade920ceb55e64491b0b66 - [32m123.903[39m ms
2021-01-11, 12:35:06 p.m. [GDCT] info: GET [32m304[39m /COA_manager/COATrees/sheetName/5eadea25ceb55e64491b0b6c - [32m127.610[39m ms
2021-01-11, 12:35:06 p.m. [GDCT] info: GET [32m304[39m /COA_manager/COATrees/sheetName/5eade987ceb55e64491b0b68 - [32m159.201[39m ms
2021-01-11, 12:35:06 p.m. [GDCT] info: GET [32m304[39m /COA_manager/COATrees/sheetName/5eadec31ceb55e64491b0b75 - [32m100.117[39m ms
2021-01-11, 12:35:06 p.m. [GDCT] info: GET [32m304[39m /COA_manager/COATrees/sheetName/5f1ee59ad181ae43d04c9bd6 - [32m101.526[39m ms
2021-01-11, 12:35:06 p.m. [GDCT] info: GET [32m304[39m /COA_manager/COATrees/sheetName/5eadec49ceb55e64491b0b76 - [32m111.332[39m ms
2021-01-11, 12:35:06 p.m. [GDCT] info: GET [32m304[39m /COA_manager/COATrees/sheetName/5eadebbaceb55e64491b0b72 - [32m119.883[39m ms
2021-01-11, 12:35:06 p.m. [GDCT] info: GET [32m304[39m /COA_manager/COATrees/sheetName/5eade9a6ceb55e64491b0b69 - [32m100.368[39m ms
2021-01-11, 12:35:06 p.m. [GDCT] info: GET [32m304[39m /COA_manager/COATrees/sheetName/5eadeb61ceb55e64491b0b6d - [32m127.199[39m ms
2021-01-11, 12:35:06 p.m. [GDCT] info: GET [32m304[39m /COA_manager/COATrees/sheetName/5eadebfbceb55e64491b0b73 - [32m126.793[39m ms
2021-01-11, 12:35:06 p.m. [GDCT] info: GET [32m304[39m /COA_manager/COATrees/sheetName/5eadeb8eceb55e64491b0b70 - [32m132.993[39m ms
2021-01-11, 12:35:06 p.m. [GDCT] info: GET [32m304[39m /COA_manager/COATrees/sheetName/5eade8fcceb55e64491b0b64 - [32m125.372[39m ms
2021-01-11, 12:35:06 p.m. [GDCT] info: GET [32m304[39m /COA_manager/COATrees/sheetName/5eade9bbceb55e64491b0b6a - [32m127.457[39m ms
2021-01-11, 12:35:06 p.m. [GDCT] info: GET [32m304[39m /COA_manager/COATrees/sheetName/5eade8e6ceb55e64491b0b63 - [32m366.923[39m ms
2021-01-11, 12:35:06 p.m. [GDCT] info: GET [32m304[39m /COA_manager/COATrees/sheetName/5eadeba4ceb55e64491b0b71 - [32m117.542[39m ms
2021-01-11, 12:35:06 p.m. [GDCT] info: GET [32m304[39m /COA_manager/COATrees/sheetName/5eadec19ceb55e64491b0b74 - [32m97.949[39m ms
2021-01-11, 12:35:06 p.m. [GDCT] info: GET [32m304[39m /COA_manager/COATrees/sheetName/5eade9d2ceb55e64491b0b6b - [32m120.980[39m ms
2021-01-11, 12:35:06 p.m. [GDCT] info: GET [32m304[39m /COA_manager/COATrees/sheetName/5eade90dceb55e64491b0b65 - [32m111.290[39m ms
2021-01-11, 12:35:06 p.m. [GDCT] info: GET [32m304[39m /COA_manager/COATrees/sheetName/5eade95eceb55e64491b0b67 - [32m120.947[39m ms
2021-01-11, 12:35:06 p.m. [GDCT] info: GET [32m304[39m /COA_manager/COATrees/sheetName/5eadeb75ceb55e64491b0b6e - [32m94.560[39m ms
2021-01-11, 12:35:17 p.m. [GDCT] info: GET [32m304[39m /profile - [32m1078.996[39m ms
2021-01-11, 12:35:18 p.m. [GDCT] info: GET [32m304[39m /sheetNames - [32m123.706[39m ms
2021-01-11, 12:35:18 p.m. [GDCT] info: GET [32m304[39m /Menus - [32m396.243[39m ms
2021-01-11, 12:35:18 p.m. [GDCT] info: GET [32m304[39m /sheetNames - [32m276.654[39m ms
2021-01-11, 12:35:22 p.m. [GDCT] info: GET [32m304[39m /COA_manager/COATrees/sheetName/5eadecc1ceb55e64491b0b80 - [32m112.890[39m ms
2021-01-11, 12:35:22 p.m. [GDCT] info: GET [32m304[39m /COA_manager/COATrees/sheetName/5eade920ceb55e64491b0b66 - [32m127.577[39m ms
2021-01-11, 12:35:22 p.m. [GDCT] info: GET [32m304[39m /COA_manager/COATrees/sheetName/5eadea25ceb55e64491b0b6c - [32m133.739[39m ms
2021-01-11, 12:35:22 p.m. [GDCT] info: GET [32m304[39m /COA_manager/COATrees/sheetName/5eadec62ceb55e64491b0b77 - [32m131.620[39m ms
2021-01-11, 12:35:22 p.m. [GDCT] info: GET [32m304[39m /COA_manager/COATrees/sheetName/5eac8ae29a8fe3217fe81f87 - [32m127.512[39m ms
2021-01-11, 12:35:22 p.m. [GDCT] info: GET [32m304[39m /COA_manager/COATrees/sheetName/5eade987ceb55e64491b0b68 - [32m142.748[39m ms
2021-01-11, 12:35:23 p.m. [GDCT] info: GET [32m304[39m /COA_manager/COATrees/sheetName/5eadec31ceb55e64491b0b75 - [32m100.895[39m ms
2021-01-11, 12:35:23 p.m. [GDCT] info: GET [32m304[39m /COA_manager/COATrees/sheetName/5eade8e6ceb55e64491b0b63 - [32m106.508[39m ms
2021-01-11, 12:35:23 p.m. [GDCT] info: GET [32m304[39m /COA_manager/COATrees/sheetName/5eadebbaceb55e64491b0b72 - [32m117.309[39m ms
2021-01-11, 12:35:23 p.m. [GDCT] info: GET [32m304[39m /COA_manager/COATrees/sheetName/5eadeb61ceb55e64491b0b6d - [32m186.640[39m ms
2021-01-11, 12:35:23 p.m. [GDCT] info: GET [32m304[39m /COA_manager/COATrees/sheetName/5eadebfbceb55e64491b0b73 - [32m196.320[39m ms
2021-01-11, 12:35:23 p.m. [GDCT] info: GET [32m304[39m /COA_manager/COATrees/sheetName/5eadeb8eceb55e64491b0b70 - [32m216.406[39m ms
2021-01-11, 12:35:23 p.m. [GDCT] info: GET [32m304[39m /COA_manager/COATrees/sheetName/5eadec49ceb55e64491b0b76 - [32m373.291[39m ms
2021-01-11, 12:35:23 p.m. [GDCT] info: GET [32m304[39m /COA_manager/COATrees/sheetName/5f1ee59ad181ae43d04c9bd6 - [32m387.037[39m ms
2021-01-11, 12:35:23 p.m. [GDCT] info: GET [32m304[39m /COA_manager/COATrees/sheetName/5eade9a6ceb55e64491b0b69 - [32m411.628[39m ms
2021-01-11, 12:35:23 p.m. [GDCT] info: GET [32m304[39m /COA_manager/COATrees/sheetName/5eade9bbceb55e64491b0b6a - [32m190.556[39m ms
2021-01-11, 12:35:23 p.m. [GDCT] info: GET [32m304[39m /COA_manager/COATrees/sheetName/5eade8fcceb55e64491b0b64 - [32m209.844[39m ms
2021-01-11, 12:35:23 p.m. [GDCT] info: GET [32m304[39m /COA_manager/COATrees/sheetName/5eade9d2ceb55e64491b0b6b - [32m222.782[39m ms
2021-01-11, 12:35:23 p.m. [GDCT] info: GET [32m304[39m /COA_manager/COATrees/sheetName/5eade90dceb55e64491b0b65 - [32m189.935[39m ms
2021-01-11, 12:35:23 p.m. [GDCT] info: GET [32m304[39m /COA_manager/COATrees/sheetName/5eadeba4ceb55e64491b0b71 - [32m225.727[39m ms
2021-01-11, 12:35:23 p.m. [GDCT] info: GET [32m304[39m /COA_manager/COATrees/sheetName/5eadec19ceb55e64491b0b74 - [32m223.600[39m ms
2021-01-11, 12:35:23 p.m. [GDCT] info: GET [32m304[39m /COA_manager/COATrees/sheetName/5eade95eceb55e64491b0b67 - [32m114.950[39m ms
2021-01-11, 12:35:23 p.m. [GDCT] info: GET [32m304[39m /COA_manager/COATrees/sheetName/5eadeb75ceb55e64491b0b6e - [32m132.102[39m ms
2021-01-11, 12:35:58 p.m. [GDCT] info: GET [32m304[39m /profile - [32m67.331[39m ms
2021-01-11, 12:35:59 p.m. [GDCT] info: GET [32m304[39m /sheetNames - [32m101.210[39m ms
2021-01-11, 12:35:59 p.m. [GDCT] info: GET [32m304[39m /Menus - [32m183.195[39m ms
2021-01-11, 12:35:59 p.m. [GDCT] info: GET [32m304[39m /sheetNames - [32m112.286[39m ms
2021-01-11, 12:35:59 p.m. [GDCT] info: GET [32m304[39m /COA_manager/COATrees/sheetName/5eac8ae29a8fe3217fe81f87 - [32m97.445[39m ms
2021-01-11, 12:35:59 p.m. [GDCT] info: GET [32m304[39m /COA_manager/COATrees/sheetName/5eadec62ceb55e64491b0b77 - [32m103.090[39m ms
2021-01-11, 12:35:59 p.m. [GDCT] info: GET [32m304[39m /COA_manager/COATrees/sheetName/5eadea25ceb55e64491b0b6c - [32m112.276[39m ms
2021-01-11, 12:35:59 p.m. [GDCT] info: GET [32m304[39m /COA_manager/COATrees/sheetName/5eade920ceb55e64491b0b66 - [32m110.673[39m ms
2021-01-11, 12:35:59 p.m. [GDCT] info: GET [32m304[39m /COA_manager/COATrees/sheetName/5eadecc1ceb55e64491b0b80 - [32m127.121[39m ms
2021-01-11, 12:35:59 p.m. [GDCT] info: GET [32m304[39m /COA_manager/COATrees/sheetName/5eade987ceb55e64491b0b68 - [32m173.798[39m ms
2021-01-11, 12:35:59 p.m. [GDCT] info: GET [32m304[39m /COA_manager/COATrees/sheetName/5f1ee59ad181ae43d04c9bd6 - [32m143.742[39m ms
2021-01-11, 12:35:59 p.m. [GDCT] info: GET [32m304[39m /COA_manager/COATrees/sheetName/5eadec31ceb55e64491b0b75 - [32m148.029[39m ms
2021-01-11, 12:35:59 p.m. [GDCT] info: GET [32m304[39m /COA_manager/COATrees/sheetName/5eadebbaceb55e64491b0b72 - [32m130.352[39m ms
2021-01-11, 12:35:59 p.m. [GDCT] info: GET [32m304[39m /COA_manager/COATrees/sheetName/5eade8e6ceb55e64491b0b63 - [32m132.999[39m ms
2021-01-11, 12:35:59 p.m. [GDCT] info: GET [32m304[39m /COA_manager/COATrees/sheetName/5eadec49ceb55e64491b0b76 - [32m183.658[39m ms
2021-01-11, 12:35:59 p.m. [GDCT] info: GET [32m304[39m /COA_manager/COATrees/sheetName/5eade9a6ceb55e64491b0b69 - [32m151.134[39m ms
2021-01-11, 12:35:59 p.m. [GDCT] info: GET [32m304[39m /COA_manager/COATrees/sheetName/5eadeb61ceb55e64491b0b6d - [32m104.665[39m ms
2021-01-11, 12:35:59 p.m. [GDCT] info: GET [32m304[39m /COA_manager/COATrees/sheetName/5eadebfbceb55e64491b0b73 - [32m103.806[39m ms
2021-01-11, 12:35:59 p.m. [GDCT] info: GET [32m304[39m /COA_manager/COATrees/sheetName/5eadeb8eceb55e64491b0b70 - [32m115.440[39m ms
2021-01-11, 12:35:59 p.m. [GDCT] info: GET [32m304[39m /COA_manager/COATrees/sheetName/5eade9bbceb55e64491b0b6a - [32m123.076[39m ms
2021-01-11, 12:35:59 p.m. [GDCT] info: GET [32m304[39m /COA_manager/COATrees/sheetName/5eade8fcceb55e64491b0b64 - [32m111.919[39m ms
2021-01-11, 12:35:59 p.m. [GDCT] info: GET [32m304[39m /COA_manager/COATrees/sheetName/5eadeba4ceb55e64491b0b71 - [32m101.587[39m ms
2021-01-11, 12:36:00 p.m. [GDCT] info: GET [32m304[39m /COA_manager/COATrees/sheetName/5eadec19ceb55e64491b0b74 - [32m97.728[39m ms
2021-01-11, 12:36:00 p.m. [GDCT] info: GET [32m304[39m /COA_manager/COATrees/sheetName/5eade9d2ceb55e64491b0b6b - [32m100.875[39m ms
2021-01-11, 12:36:00 p.m. [GDCT] info: GET [32m304[39m /COA_manager/COATrees/sheetName/5eade90dceb55e64491b0b65 - [32m107.667[39m ms
2021-01-11, 12:36:00 p.m. [GDCT] info: GET [32m304[39m /COA_manager/COATrees/sheetName/5eade95eceb55e64491b0b67 - [32m208.460[39m ms
2021-01-11, 12:36:00 p.m. [GDCT] info: GET [32m304[39m /COA_manager/COATrees/sheetName/5eadeb75ceb55e64491b0b6e - [32m219.273[39m ms
2021-01-11, 12:36:10 p.m. [GDCT] info: GET [32m304[39m /profile - [32m84.241[39m ms
2021-01-11, 12:36:11 p.m. [GDCT] info: GET [32m304[39m /sheetNames - [32m105.490[39m ms
2021-01-11, 12:36:11 p.m. [GDCT] info: GET [32m304[39m /Menus - [32m190.724[39m ms
2021-01-11, 12:36:11 p.m. [GDCT] info: GET [32m304[39m /sheetNames - [32m117.852[39m ms
2021-01-11, 12:36:11 p.m. [GDCT] info: GET [32m304[39m /COA_manager/COATrees/sheetName/5eadecc1ceb55e64491b0b80 - [32m138.755[39m ms
2021-01-11, 12:36:11 p.m. [GDCT] info: GET [32m304[39m /COA_manager/COATrees/sheetName/5eadec62ceb55e64491b0b77 - [32m134.510[39m ms
2021-01-11, 12:36:11 p.m. [GDCT] info: GET [32m304[39m /COA_manager/COATrees/sheetName/5eade920ceb55e64491b0b66 - [32m129.794[39m ms
2021-01-11, 12:36:11 p.m. [GDCT] info: GET [32m304[39m /COA_manager/COATrees/sheetName/5eac8ae29a8fe3217fe81f87 - [32m128.829[39m ms
2021-01-11, 12:36:11 p.m. [GDCT] info: GET [32m304[39m /COA_manager/COATrees/sheetName/5eade987ceb55e64491b0b68 - [32m182.874[39m ms
2021-01-11, 12:36:11 p.m. [GDCT] info: GET [32m304[39m /COA_manager/COATrees/sheetName/5eadec31ceb55e64491b0b75 - [32m140.768[39m ms
2021-01-11, 12:36:11 p.m. [GDCT] info: GET [32m304[39m /COA_manager/COATrees/sheetName/5f1ee59ad181ae43d04c9bd6 - [32m140.151[39m ms
2021-01-11, 12:36:11 p.m. [GDCT] info: GET [32m304[39m /COA_manager/COATrees/sheetName/5eade8e6ceb55e64491b0b63 - [32m151.379[39m ms
2021-01-11, 12:36:11 p.m. [GDCT] info: GET [32m304[39m /COA_manager/COATrees/sheetName/5eadebbaceb55e64491b0b72 - [32m169.118[39m ms
2021-01-11, 12:36:11 p.m. [GDCT] info: GET [32m304[39m /COA_manager/COATrees/sheetName/5eadea25ceb55e64491b0b6c - [32m398.956[39m ms
2021-01-11, 12:36:11 p.m. [GDCT] info: GET [32m304[39m /COA_manager/COATrees/sheetName/5eadec49ceb55e64491b0b76 - [32m175.126[39m ms
2021-01-11, 12:36:11 p.m. [GDCT] info: GET [32m304[39m /COA_manager/COATrees/sheetName/5eade9a6ceb55e64491b0b69 - [32m133.694[39m ms
2021-01-11, 12:36:11 p.m. [GDCT] info: GET [32m304[39m /COA_manager/COATrees/sheetName/5eadebfbceb55e64491b0b73 - [32m141.322[39m ms
2021-01-11, 12:36:11 p.m. [GDCT] info: GET [32m304[39m /COA_manager/COATrees/sheetName/5eadeb61ceb55e64491b0b6d - [32m157.238[39m ms
2021-01-11, 12:36:11 p.m. [GDCT] info: GET [32m304[39m /COA_manager/COATrees/sheetName/5eadeb8eceb55e64491b0b70 - [32m138.544[39m ms
2021-01-11, 12:36:12 p.m. [GDCT] info: GET [32m304[39m /COA_manager/COATrees/sheetName/5eade9bbceb55e64491b0b6a - [32m119.149[39m ms
2021-01-11, 12:36:12 p.m. [GDCT] info: GET [32m304[39m /COA_manager/COATrees/sheetName/5eade8fcceb55e64491b0b64 - [32m121.438[39m ms
2021-01-11, 12:36:12 p.m. [GDCT] info: GET [32m304[39m /COA_manager/COATrees/sheetName/5eadeba4ceb55e64491b0b71 - [32m119.910[39m ms
2021-01-11, 12:36:12 p.m. [GDCT] info: GET [32m304[39m /COA_manager/COATrees/sheetName/5eade9d2ceb55e64491b0b6b - [32m95.667[39m ms
2021-01-11, 12:36:12 p.m. [GDCT] info: GET [32m304[39m /COA_manager/COATrees/sheetName/5eadec19ceb55e64491b0b74 - [32m99.610[39m ms
2021-01-11, 12:36:12 p.m. [GDCT] info: GET [32m304[39m /COA_manager/COATrees/sheetName/5eade90dceb55e64491b0b65 - [32m97.312[39m ms
2021-01-11, 12:36:12 p.m. [GDCT] info: GET [32m304[39m /COA_manager/COATrees/sheetName/5eade95eceb55e64491b0b67 - [32m122.629[39m ms
2021-01-11, 12:36:12 p.m. [GDCT] info: GET [32m304[39m /COA_manager/COATrees/sheetName/5eadeb75ceb55e64491b0b6e - [32m114.409[39m ms
2021-01-11, 12:36:16 p.m. [GDCT] info: GET [32m304[39m /COA_manager/COATrees/sheetName/5eade987ceb55e64491b0b68 - [32m142.643[39m ms
2021-01-11, 12:36:16 p.m. [GDCT] info: DELETE [32m200[39m /COA_manager/COATrees/5ffc8b868a903a3c500aa610 - [32m231.163[39m ms
2021-01-11, 12:36:28 p.m. [GDCT] info: GET [32m304[39m /profile - [32m77.935[39m ms
2021-01-11, 12:36:29 p.m. [GDCT] info: GET [32m304[39m /sheetNames - [32m130.518[39m ms
2021-01-11, 12:36:29 p.m. [GDCT] info: GET [32m304[39m /Menus - [32m269.262[39m ms
2021-01-11, 12:36:29 p.m. [GDCT] info: GET [32m304[39m /sheetNames - [32m150.167[39m ms
2021-01-11, 12:36:29 p.m. [GDCT] info: GET [32m200[39m /COA_manager/COATrees/sheetName/5eade987ceb55e64491b0b68 - [32m132.017[39m ms
2021-01-11, 12:36:29 p.m. [GDCT] info: GET [32m304[39m /COA_manager/COATrees/sheetName/5eadecc1ceb55e64491b0b80 - [32m134.956[39m ms
2021-01-11, 12:36:29 p.m. [GDCT] info: GET [32m304[39m /COA_manager/COATrees/sheetName/5eade920ceb55e64491b0b66 - [32m141.167[39m ms
2021-01-11, 12:36:29 p.m. [GDCT] info: GET [32m304[39m /COA_manager/COATrees/sheetName/5eac8ae29a8fe3217fe81f87 - [32m140.292[39m ms
2021-01-11, 12:36:29 p.m. [GDCT] info: GET [32m304[39m /COA_manager/COATrees/sheetName/5eadec62ceb55e64491b0b77 - [32m141.360[39m ms
2021-01-11, 12:36:29 p.m. [GDCT] info: GET [32m304[39m /COA_manager/COATrees/sheetName/5eadea25ceb55e64491b0b6c - [32m140.863[39m ms
2021-01-11, 12:36:29 p.m. [GDCT] info: GET [32m304[39m /COA_manager/COATrees/sheetName/5eade8e6ceb55e64491b0b63 - [32m117.884[39m ms
2021-01-11, 12:36:29 p.m. [GDCT] info: GET [32m304[39m /COA_manager/COATrees/sheetName/5eadec49ceb55e64491b0b76 - [32m113.297[39m ms
2021-01-11, 12:36:29 p.m. [GDCT] info: GET [32m304[39m /COA_manager/COATrees/sheetName/5eadec31ceb55e64491b0b75 - [32m128.940[39m ms
2021-01-11, 12:36:29 p.m. [GDCT] info: GET [32m304[39m /COA_manager/COATrees/sheetName/5eadebbaceb55e64491b0b72 - [32m114.020[39m ms
2021-01-11, 12:36:29 p.m. [GDCT] info: GET [32m304[39m /COA_manager/COATrees/sheetName/5f1ee59ad181ae43d04c9bd6 - [32m124.660[39m ms
2021-01-11, 12:36:29 p.m. [GDCT] info: GET [32m304[39m /COA_manager/COATrees/sheetName/5eade9a6ceb55e64491b0b69 - [32m126.091[39m ms
2021-01-11, 12:36:29 p.m. [GDCT] info: GET [32m304[39m /COA_manager/COATrees/sheetName/5eadeb61ceb55e64491b0b6d - [32m123.512[39m ms
2021-01-11, 12:36:29 p.m. [GDCT] info: GET [32m304[39m /COA_manager/COATrees/sheetName/5eadebfbceb55e64491b0b73 - [32m131.231[39m ms
2021-01-11, 12:36:29 p.m. [GDCT] info: GET [32m304[39m /COA_manager/COATrees/sheetName/5eadeb8eceb55e64491b0b70 - [32m129.353[39m ms
2021-01-11, 12:36:29 p.m. [GDCT] info: GET [32m304[39m /COA_manager/COATrees/sheetName/5eade8fcceb55e64491b0b64 - [32m135.411[39m ms
2021-01-11, 12:36:29 p.m. [GDCT] info: GET [32m304[39m /COA_manager/COATrees/sheetName/5eadeba4ceb55e64491b0b71 - [32m129.826[39m ms
2021-01-11, 12:36:29 p.m. [GDCT] info: GET [32m304[39m /COA_manager/COATrees/sheetName/5eade9bbceb55e64491b0b6a - [32m136.540[39m ms
2021-01-11, 12:36:29 p.m. [GDCT] info: GET [32m304[39m /COA_manager/COATrees/sheetName/5eadec19ceb55e64491b0b74 - [32m95.908[39m ms
2021-01-11, 12:36:29 p.m. [GDCT] info: GET [32m304[39m /COA_manager/COATrees/sheetName/5eade9d2ceb55e64491b0b6b - [32m108.575[39m ms
2021-01-11, 12:36:29 p.m. [GDCT] info: GET [32m304[39m /COA_manager/COATrees/sheetName/5eade90dceb55e64491b0b65 - [32m103.857[39m ms
2021-01-11, 12:36:29 p.m. [GDCT] info: GET [32m304[39m /COA_manager/COATrees/sheetName/5eade95eceb55e64491b0b67 - [32m105.547[39m ms
2021-01-11, 12:36:29 p.m. [GDCT] info: GET [32m304[39m /COA_manager/COATrees/sheetName/5eadeb75ceb55e64491b0b6e - [32m106.078[39m ms
2021-01-11, 1:07:40 p.m. [GDCT] info: GET [31m401[39m /profile - [32m1.721[39m ms
2021-01-11, 1:28:41 p.m. [GDCT] info: GET [31m401[39m /profile - [32m0.920[39m ms
2021-01-11, 1:31:47 p.m. [GDCT] info: GET [31m401[39m /profile - [32m0.920[39m ms
2021-01-11, 1:31:52 p.m. [GDCT] info: POST [31m401[39m /login - [32m475.661[39m ms
2021-01-11, 1:32:35 p.m. [GDCT] info: POST [31m401[39m /login - [32m231.057[39m ms
2021-01-11, 1:33:37 p.m. [GDCT] info: POST [31m401[39m /login - [32m185.533[39m ms
2021-01-11, 1:35:56 p.m. [GDCT] info: POST [31m401[39m /login - [32m183.085[39m ms
2021-01-11, 1:36:02 p.m. [GDCT] info: POST [31m401[39m /login - [32m215.563[39m ms
2021-01-11, 1:37:42 p.m. [GDCT] info: GET [31m401[39m /profile - [32m2.169[39m ms
2021-01-11, 1:39:33 p.m. [GDCT] info: GET [32m200[39m /user_management/undefined - [32m146.735[39m ms
2021-01-11, 1:39:33 p.m. [GDCT] info: GET [32m304[39m /user_management/undefined - [32m36.207[39m ms
2021-01-11, 1:39:34 p.m. [GDCT] info: GET [32m304[39m /user_management/undefined - [32m33.121[39m ms
2021-01-11, 1:39:34 p.m. [GDCT] info: GET [32m304[39m /user_management/undefined - [32m44.162[39m ms
2021-01-11, 1:39:34 p.m. [GDCT] info: GET [32m304[39m /user_management/undefined - [32m69.397[39m ms
2021-01-11, 1:39:34 p.m. [GDCT] info: GET [32m304[39m /user_management/undefined - [32m46.108[39m ms
2021-01-11, 1:39:34 p.m. [GDCT] info: GET [32m304[39m /user_management/undefined - [32m51.888[39m ms
2021-01-11, 1:39:34 p.m. [GDCT] info: GET [32m304[39m /user_management/undefined - [32m70.672[39m ms
2021-01-11, 1:39:35 p.m. [GDCT] info: GET [32m304[39m /user_management/undefined - [32m30.681[39m ms
2021-01-11, 1:39:36 p.m. [GDCT] info: GET [32m304[39m /user_management/undefined - [32m41.593[39m ms
2021-01-11, 1:39:50 p.m. [GDCT] info: GET [32m304[39m /user_management/undefined - [32m34.701[39m ms
2021-01-11, 1:40:55 p.m. [GDCT] info: GET [32m304[39m /user_management/undefined - [32m35.627[39m ms
2021-01-11, 1:40:55 p.m. [GDCT] info: GET [32m304[39m /user_management/undefined - [32m32.891[39m ms
2021-01-11, 1:40:56 p.m. [GDCT] info: GET [32m304[39m /user_management/undefined - [32m87.146[39m ms
2021-01-11, 1:41:01 p.m. [GDCT] info: GET [32m304[39m /user_management/undefined - [32m36.827[39m ms
2021-01-11, 1:41:01 p.m. [GDCT] info: GET [32m304[39m /user_management/undefined - [32m30.846[39m ms
2021-01-11, 1:41:02 p.m. [GDCT] info: GET [32m304[39m /user_management/undefined - [32m29.058[39m ms
2021-01-11, 1:41:03 p.m. [GDCT] info: GET [32m304[39m /user_management/undefined - [32m37.555[39m ms
2021-01-11, 1:41:03 p.m. [GDCT] info: GET [32m304[39m /user_management/undefined - [32m37.673[39m ms
2021-01-11, 1:41:04 p.m. [GDCT] info: GET [32m304[39m /user_management/undefined - [32m40.069[39m ms
2021-01-11, 1:41:04 p.m. [GDCT] info: GET [32m304[39m /user_management/undefined - [32m33.650[39m ms
2021-01-11, 1:41:05 p.m. [GDCT] info: GET [32m304[39m /user_management/undefined - [32m38.220[39m ms
2021-01-11, 1:41:05 p.m. [GDCT] info: GET [32m304[39m /user_management/undefined - [32m62.075[39m ms
2021-01-11, 1:41:05 p.m. [GDCT] info: GET [32m304[39m /user_management/undefined - [32m31.169[39m ms
2021-01-11, 1:41:06 p.m. [GDCT] info: GET [32m304[39m /user_management/undefined - [32m49.835[39m ms
2021-01-11, 1:41:07 p.m. [GDCT] info: GET [32m304[39m /user_management/undefined - [32m31.384[39m ms
2021-01-11, 1:41:18 p.m. [GDCT] info: GET [32m304[39m /user_management/undefined - [32m30.228[39m ms
2021-01-11, 1:41:20 p.m. [GDCT] info: GET [32m304[39m /user_management/undefined - [32m50.781[39m ms
2021-01-11, 1:41:33 p.m. [GDCT] info: GET [32m304[39m /user_management/undefined - [32m35.068[39m ms
2021-01-11, 1:41:33 p.m. [GDCT] info: GET [32m304[39m /user_management/undefined - [32m34.556[39m ms
2021-01-11, 1:41:40 p.m. [GDCT] info: GET [32m304[39m /user_management/undefined - [32m37.347[39m ms
2021-01-11, 1:41:42 p.m. [GDCT] info: GET [32m304[39m /user_management/undefined - [32m44.183[39m ms
2021-01-11, 1:41:42 p.m. [GDCT] info: GET [32m304[39m /user_management/undefined - [32m38.757[39m ms
2021-01-11, 1:41:51 p.m. [GDCT] info: GET [32m304[39m /user_management/undefined - [32m39.170[39m ms
2021-01-11, 1:41:52 p.m. [GDCT] info: GET [32m304[39m /user_management/undefined - [32m36.109[39m ms
2021-01-11, 1:41:56 p.m. [GDCT] info: GET [32m200[39m /user_management/test%20test - [32m368.987[39m ms
2021-01-11, 1:41:56 p.m. [GDCT] info: GET [32m304[39m /user_management/test%20test - [32m49.548[39m ms
2021-01-11, 1:42:19 p.m. [GDCT] info: GET [32m304[39m /user_management/test%20test - [32m38.294[39m ms
2021-01-11, 1:42:19 p.m. [GDCT] info: GET [32m304[39m /user_management/test%20test - [32m32.631[39m ms
2021-01-11, 1:42:20 p.m. [GDCT] info: GET [32m304[39m /user_management/test%20test - [32m51.077[39m ms
2021-01-11, 1:42:20 p.m. [GDCT] info: GET [32m304[39m /user_management/test%20test - [32m33.490[39m ms
2021-01-11, 1:42:20 p.m. [GDCT] info: GET [32m304[39m /user_management/test%20test - [32m49.199[39m ms
2021-01-11, 1:42:21 p.m. [GDCT] info: GET [32m304[39m /user_management/test%20test - [32m49.861[39m ms
2021-01-11, 1:42:21 p.m. [GDCT] info: GET [32m304[39m /user_management/test%20test - [32m51.286[39m ms
2021-01-11, 1:42:21 p.m. [GDCT] info: GET [32m304[39m /user_management/test%20test - [32m33.235[39m ms
2021-01-11, 1:42:22 p.m. [GDCT] info: GET [32m304[39m /user_management/test%20test - [32m91.195[39m ms
2021-01-11, 1:42:22 p.m. [GDCT] info: GET [32m304[39m /user_management/test%20test - [32m38.867[39m ms
2021-01-11, 1:42:22 p.m. [GDCT] info: GET [32m304[39m /user_management/test%20test - [32m62.079[39m ms
2021-01-11, 1:42:23 p.m. [GDCT] info: GET [32m304[39m /user_management/test%20test - [32m35.650[39m ms
2021-01-11, 1:42:23 p.m. [GDCT] info: GET [32m304[39m /user_management/test%20test - [32m48.056[39m ms
2021-01-11, 1:42:24 p.m. [GDCT] info: GET [32m304[39m /user_management/test%20test - [32m34.540[39m ms
2021-01-11, 1:42:24 p.m. [GDCT] info: GET [32m304[39m /user_management/test%20test - [32m45.137[39m ms
2021-01-11, 1:42:24 p.m. [GDCT] info: GET [32m304[39m /user_management/test%20test - [32m67.608[39m ms
2021-01-11, 1:42:24 p.m. [GDCT] info: GET [32m304[39m /user_management/test%20test - [32m33.430[39m ms
2021-01-11, 1:42:25 p.m. [GDCT] info: GET [32m304[39m /user_management/test%20test - [32m37.269[39m ms
2021-01-11, 1:42:25 p.m. [GDCT] info: GET [32m304[39m /user_management/test%20test - [32m58.264[39m ms
2021-01-11, 1:42:25 p.m. [GDCT] info: GET [32m304[39m /user_management/test%20test - [32m34.184[39m ms
2021-01-11, 1:42:26 p.m. [GDCT] info: GET [32m304[39m /user_management/test%20test - [32m31.975[39m ms
2021-01-11, 1:42:26 p.m. [GDCT] info: GET [32m304[39m /user_management/test%20test - [32m36.537[39m ms
2021-01-11, 1:42:26 p.m. [GDCT] info: GET [32m304[39m /user_management/test%20test - [32m40.981[39m ms
2021-01-11, 1:42:26 p.m. [GDCT] info: GET [32m304[39m /user_management/test%20test - [32m75.577[39m ms
2021-01-11, 1:42:26 p.m. [GDCT] info: GET [32m304[39m /user_management/test%20test - [32m42.100[39m ms
2021-01-11, 1:42:26 p.m. [GDCT] info: GET [32m304[39m /user_management/test%20test - [32m34.414[39m ms
2021-01-11, 1:42:27 p.m. [GDCT] info: GET [32m304[39m /user_management/test%20test - [32m49.527[39m ms
2021-01-11, 1:42:28 p.m. [GDCT] info: GET [32m304[39m /user_management/test%20test - [32m45.713[39m ms
2021-01-11, 1:42:28 p.m. [GDCT] info: GET [32m304[39m /user_management/test%20test - [32m32.561[39m ms
2021-01-11, 1:42:28 p.m. [GDCT] info: GET [32m304[39m /user_management/test%20test - [32m35.864[39m ms
2021-01-11, 1:42:28 p.m. [GDCT] info: GET [32m304[39m /user_management/test%20test - [32m79.669[39m ms
2021-01-11, 1:42:28 p.m. [GDCT] info: GET [32m304[39m /user_management/test%20test - [32m32.822[39m ms
2021-01-11, 1:42:28 p.m. [GDCT] info: GET [32m304[39m /user_management/test%20test - [32m35.228[39m ms
2021-01-11, 1:42:28 p.m. [GDCT] info: GET [32m304[39m /user_management/test%20test - [32m53.647[39m ms
2021-01-11, 1:42:28 p.m. [GDCT] info: GET [32m304[39m /user_management/test%20test - [32m60.597[39m ms
2021-01-11, 1:42:29 p.m. [GDCT] info: GET [32m304[39m /user_management/test%20test - [32m46.878[39m ms
2021-01-11, 1:42:29 p.m. [GDCT] info: GET [32m304[39m /user_management/test%20test - [32m33.866[39m ms
2021-01-11, 1:42:29 p.m. [GDCT] info: GET [32m304[39m /user_management/test%20test - [32m63.495[39m ms
2021-01-11, 1:42:29 p.m. [GDCT] info: GET [32m304[39m /user_management/test%20test - [32m39.886[39m ms
2021-01-11, 1:42:30 p.m. [GDCT] info: GET [32m304[39m /user_management/test%20test - [32m41.960[39m ms
2021-01-11, 1:42:30 p.m. [GDCT] info: GET [32m304[39m /user_management/test%20test - [32m44.666[39m ms
2021-01-11, 1:42:30 p.m. [GDCT] info: GET [32m304[39m /user_management/test%20test - [32m43.771[39m ms
2021-01-11, 1:42:30 p.m. [GDCT] info: GET [32m304[39m /user_management/test%20test - [32m53.631[39m ms
2021-01-11, 1:42:32 p.m. [GDCT] info: GET [32m304[39m /user_management/test%20test - [32m32.175[39m ms
2021-01-11, 1:42:33 p.m. [GDCT] info: GET [32m200[39m /user_management/j - [32m37.170[39m ms
2021-01-11, 1:42:34 p.m. [GDCT] info: GET [32m200[39m /user_management/jackey - [32m30.524[39m ms
2021-01-11, 1:42:36 p.m. [GDCT] info: GET [32m304[39m /user_management/jackey - [32m33.252[39m ms
2021-01-11, 1:42:36 p.m. [GDCT] info: GET [32m200[39m /role_manager/appSyses/searchAllAppSyses - [32m39.848[39m ms
2021-01-11, 1:42:36 p.m. [GDCT] info: GET [32m200[39m /orgGroup_manager/orgGroups/searchOrganizationGroup - [32m38.528[39m ms
2021-01-11, 1:42:51 p.m. [GDCT] info: GET [32m304[39m /user_management/jackey - [32m41.351[39m ms
2021-01-11, 1:42:57 p.m. [GDCT] info: GET [32m304[39m /user_management/jackey - [32m30.244[39m ms
2021-01-11, 1:43:18 p.m. [GDCT] info: GET [32m304[39m /user_management/jackey - [32m32.769[39m ms
2021-01-11, 1:43:18 p.m. [GDCT] info: GET [32m304[39m /user_management/jackey - [32m43.404[39m ms
2021-01-11, 1:43:18 p.m. [GDCT] info: GET [32m304[39m /user_management/jackey - [32m38.558[39m ms
2021-01-11, 1:43:19 p.m. [GDCT] info: GET [32m304[39m /user_management/jackey - [32m37.726[39m ms
2021-01-11, 1:43:19 p.m. [GDCT] info: GET [32m304[39m /user_management/jackey - [32m35.771[39m ms
2021-01-11, 1:43:19 p.m. [GDCT] info: GET [32m304[39m /user_management/jackey - [32m36.906[39m ms
2021-01-11, 1:43:20 p.m. [GDCT] info: GET [32m304[39m /user_management/jackey - [32m66.407[39m ms
2021-01-11, 1:43:20 p.m. [GDCT] info: GET [32m304[39m /user_management/jackey - [32m43.461[39m ms
2021-01-11, 1:43:21 p.m. [GDCT] info: GET [32m304[39m /user_management/jackey - [32m49.062[39m ms
2021-01-11, 1:43:21 p.m. [GDCT] info: GET [32m304[39m /role_manager/appSyses/searchAllAppSyses - [32m34.119[39m ms
2021-01-11, 1:43:21 p.m. [GDCT] info: GET [32m304[39m /orgGroup_manager/orgGroups/searchOrganizationGroup - [32m39.256[39m ms
2021-01-11, 1:43:24 p.m. [GDCT] info: POST [32m200[39m /programs/searchPrograms - [32m40.953[39m ms
2021-01-11, 1:43:27 p.m. [GDCT] info: GET [32m200[39m /org_manager/organizations/searchOrgByOrgGroupId/5eac8ea99a8fe3217fe81f9d - [32m82.646[39m ms
2021-01-11, 1:43:29 p.m. [GDCT] info: POST [32m200[39m /programs/searchPrograms - [32m43.063[39m ms
2021-01-11, 1:43:32 p.m. [GDCT] info: POST [32m200[39m /programs/searchPrograms - [32m32.634[39m ms
2021-01-11, 1:43:41 p.m. [GDCT] info: POST [32m200[39m /template_manager/templateTypes/searchTemplateTypeByProgramIds - [32m34.134[39m ms
2021-01-11, 1:51:42 p.m. [GDCT] info: GET [32m304[39m /role_manager/appSyses/searchAllAppSyses - [32m333.656[39m ms
2021-01-11, 1:51:43 p.m. [GDCT] info: GET [32m304[39m /orgGroup_manager/orgGroups/searchOrganizationGroup - [32m44.906[39m ms
2021-01-11, 1:51:57 p.m. [GDCT] info: GET [31m401[39m /profile - [32m0.611[39m ms
2021-01-11, 1:52:15 p.m. [GDCT] info: POST [32m200[39m /login - [32m232.258[39m ms
2021-01-11, 1:52:16 p.m. [GDCT] info: GET [32m304[39m /Menus - [32m285.829[39m ms
2021-01-11, 1:52:16 p.m. [GDCT] info: GET [32m304[39m /Menus - [32m232.411[39m ms
2021-01-11, 1:59:28 p.m. [GDCT] info: GET [32m304[39m /sheetNames - [32m430.788[39m ms
2021-01-11, 1:59:28 p.m. [GDCT] info: GET [32m304[39m /sheetNames - [32m136.757[39m ms
2021-01-11, 1:59:29 p.m. [GDCT] info: GET [32m304[39m /COA_manager/COATrees/sheetName/5eade987ceb55e64491b0b68 - [32m505.433[39m ms
2021-01-11, 1:59:29 p.m. [GDCT] info: GET [32m304[39m /COA_manager/COATrees/sheetName/5eade920ceb55e64491b0b66 - [32m583.591[39m ms
2021-01-11, 1:59:29 p.m. [GDCT] info: GET [32m304[39m /COA_manager/COATrees/sheetName/5eadea25ceb55e64491b0b6c - [32m592.121[39m ms
2021-01-11, 1:59:29 p.m. [GDCT] info: GET [32m304[39m /COA_manager/COATrees/sheetName/5eadec62ceb55e64491b0b77 - [32m589.801[39m ms
2021-01-11, 1:59:29 p.m. [GDCT] info: GET [32m304[39m /COA_manager/COATrees/sheetName/5eac8ae29a8fe3217fe81f87 - [32m629.557[39m ms
2021-01-11, 1:59:29 p.m. [GDCT] info: GET [32m304[39m /COA_manager/COATrees/sheetName/5eadecc1ceb55e64491b0b80 - [32m597.632[39m ms
2021-01-11, 1:59:29 p.m. [GDCT] info: GET [32m304[39m /COA_manager/COATrees/sheetName/5eade8e6ceb55e64491b0b63 - [32m139.811[39m ms
2021-01-11, 1:59:29 p.m. [GDCT] info: GET [32m304[39m /COA_manager/COATrees/sheetName/5f1ee59ad181ae43d04c9bd6 - [32m140.536[39m ms
2021-01-11, 1:59:29 p.m. [GDCT] info: GET [32m304[39m /COA_manager/COATrees/sheetName/5eadec31ceb55e64491b0b75 - [32m202.938[39m ms
2021-01-11, 1:59:29 p.m. [GDCT] info: GET [32m304[39m /COA_manager/COATrees/sheetName/5eadebbaceb55e64491b0b72 - [32m179.399[39m ms
2021-01-11, 1:59:29 p.m. [GDCT] info: GET [32m304[39m /COA_manager/COATrees/sheetName/5eadec49ceb55e64491b0b76 - [32m186.994[39m ms
2021-01-11, 1:59:29 p.m. [GDCT] info: GET [32m304[39m /COA_manager/COATrees/sheetName/5eade9a6ceb55e64491b0b69 - [32m185.977[39m ms
2021-01-11, 1:59:29 p.m. [GDCT] info: GET [32m304[39m /COA_manager/COATrees/sheetName/5eadeb8eceb55e64491b0b70 - [32m130.547[39m ms
2021-01-11, 1:59:29 p.m. [GDCT] info: GET [32m304[39m /COA_manager/COATrees/sheetName/5eadeb61ceb55e64491b0b6d - [32m134.027[39m ms
2021-01-11, 1:59:29 p.m. [GDCT] info: GET [32m304[39m /COA_manager/COATrees/sheetName/5eadebfbceb55e64491b0b73 - [32m181.841[39m ms
2021-01-11, 1:59:29 p.m. [GDCT] info: GET [32m304[39m /COA_manager/COATrees/sheetName/5eade8fcceb55e64491b0b64 - [32m201.405[39m ms
2021-01-11, 1:59:29 p.m. [GDCT] info: GET [32m304[39m /COA_manager/COATrees/sheetName/5eade9bbceb55e64491b0b6a - [32m231.128[39m ms
2021-01-11, 1:59:29 p.m. [GDCT] info: GET [32m304[39m /COA_manager/COATrees/sheetName/5eadeba4ceb55e64491b0b71 - [32m212.268[39m ms
2021-01-11, 1:59:30 p.m. [GDCT] info: GET [32m304[39m /COA_manager/COATrees/sheetName/5eade9d2ceb55e64491b0b6b - [32m170.975[39m ms
2021-01-11, 1:59:30 p.m. [GDCT] info: GET [32m304[39m /COA_manager/COATrees/sheetName/5eadec19ceb55e64491b0b74 - [32m165.488[39m ms
2021-01-11, 1:59:30 p.m. [GDCT] info: GET [32m304[39m /COA_manager/COATrees/sheetName/5eade90dceb55e64491b0b65 - [32m133.834[39m ms
2021-01-11, 1:59:30 p.m. [GDCT] info: GET [32m304[39m /COA_manager/COATrees/sheetName/5eadeb75ceb55e64491b0b6e - [32m143.748[39m ms
2021-01-11, 1:59:30 p.m. [GDCT] info: GET [32m304[39m /COA_manager/COATrees/sheetName/5eade95eceb55e64491b0b67 - [32m143.706[39m ms
2021-01-11, 1:59:34 p.m. [GDCT] info: GET [32m304[39m /COA_manager/COAs - [32m247.965[39m ms
2021-01-11, 1:59:34 p.m. [GDCT] info: GET [32m304[39m /COA_manager/COATrees/sheetName/5eadecc1ceb55e64491b0b80 - [32m97.986[39m ms
2021-01-11, 1:59:35 p.m. [GDCT] info: GET [32m304[39m /COA_manager/COAGroups - [32m140.332[39m ms
2021-01-11, 1:59:37 p.m. [GDCT] info: POST [32m200[39m /COA_manager/COATrees - [32m221.606[39m ms
2021-01-11, 1:59:38 p.m. [GDCT] info: GET [32m304[39m /COA_manager/COAs - [32m239.585[39m ms
2021-01-11, 1:59:42 p.m. [GDCT] info: PUT [32m200[39m /COA_manager/COATrees/sheetName/5eadecc1ceb55e64491b0b80 - [32m228.300[39m ms
2021-01-11, 1:59:43 p.m. [GDCT] info: GET [32m304[39m /sheetNames - [32m114.476[39m ms
2021-01-11, 1:59:43 p.m. [GDCT] info: GET [32m304[39m /sheetNames - [32m169.457[39m ms
2021-01-11, 1:59:43 p.m. [GDCT] info: GET [32m304[39m /COA_manager/COATrees/sheetName/5eade920ceb55e64491b0b66 - [32m121.835[39m ms
2021-01-11, 1:59:43 p.m. [GDCT] info: GET [32m304[39m /COA_manager/COATrees/sheetName/5eade987ceb55e64491b0b68 - [32m136.132[39m ms
2021-01-11, 1:59:43 p.m. [GDCT] info: GET [32m304[39m /COA_manager/COATrees/sheetName/5eadec62ceb55e64491b0b77 - [32m172.169[39m ms
2021-01-11, 1:59:43 p.m. [GDCT] info: GET [32m304[39m /COA_manager/COATrees/sheetName/5eac8ae29a8fe3217fe81f87 - [32m162.799[39m ms
2021-01-11, 1:59:43 p.m. [GDCT] info: GET [32m304[39m /COA_manager/COATrees/sheetName/5eadea25ceb55e64491b0b6c - [32m175.830[39m ms
2021-01-11, 1:59:43 p.m. [GDCT] info: GET [32m200[39m /COA_manager/COATrees/sheetName/5eadecc1ceb55e64491b0b80 - [32m175.187[39m ms
2021-01-11, 1:59:43 p.m. [GDCT] info: GET [32m304[39m /COA_manager/COATrees/sheetName/5f1ee59ad181ae43d04c9bd6 - [32m136.503[39m ms
2021-01-11, 1:59:43 p.m. [GDCT] info: GET [32m304[39m /COA_manager/COATrees/sheetName/5eadec31ceb55e64491b0b75 - [32m138.100[39m ms
2021-01-11, 1:59:43 p.m. [GDCT] info: GET [32m304[39m /COA_manager/COATrees/sheetName/5eadebbaceb55e64491b0b72 - [32m125.685[39m ms
2021-01-11, 1:59:44 p.m. [GDCT] info: GET [32m304[39m /COA_manager/COATrees/sheetName/5eade8e6ceb55e64491b0b63 - [32m156.785[39m ms
2021-01-11, 1:59:44 p.m. [GDCT] info: GET [32m304[39m /COA_manager/COATrees/sheetName/5eadec49ceb55e64491b0b76 - [32m150.633[39m ms
2021-01-11, 1:59:44 p.m. [GDCT] info: GET [32m304[39m /COA_manager/COATrees/sheetName/5eade9a6ceb55e64491b0b69 - [32m146.600[39m ms
2021-01-11, 1:59:44 p.m. [GDCT] info: GET [32m304[39m /COA_manager/COATrees/sheetName/5eadebfbceb55e64491b0b73 - [32m118.143[39m ms
2021-01-11, 1:59:44 p.m. [GDCT] info: GET [32m304[39m /COA_manager/COATrees/sheetName/5eadeb8eceb55e64491b0b70 - [32m111.402[39m ms
2021-01-11, 1:59:44 p.m. [GDCT] info: GET [32m304[39m /COA_manager/COATrees/sheetName/5eadeb61ceb55e64491b0b6d - [32m119.184[39m ms
2021-01-11, 1:59:44 p.m. [GDCT] info: GET [32m304[39m /COA_manager/COATrees/sheetName/5eade9bbceb55e64491b0b6a - [32m103.042[39m ms
2021-01-11, 1:59:44 p.m. [GDCT] info: GET [32m304[39m /COA_manager/COATrees/sheetName/5eade8fcceb55e64491b0b64 - [32m107.953[39m ms
2021-01-11, 1:59:44 p.m. [GDCT] info: GET [32m304[39m /COA_manager/COATrees/sheetName/5eadeba4ceb55e64491b0b71 - [32m130.621[39m ms
2021-01-11, 1:59:44 p.m. [GDCT] info: GET [32m304[39m /COA_manager/COATrees/sheetName/5eade90dceb55e64491b0b65 - [32m122.328[39m ms
2021-01-11, 1:59:44 p.m. [GDCT] info: GET [32m304[39m /COA_manager/COATrees/sheetName/5eade9d2ceb55e64491b0b6b - [32m129.399[39m ms
2021-01-11, 1:59:44 p.m. [GDCT] info: GET [32m304[39m /COA_manager/COATrees/sheetName/5eadec19ceb55e64491b0b74 - [32m126.887[39m ms
2021-01-11, 1:59:44 p.m. [GDCT] info: GET [32m304[39m /COA_manager/COATrees/sheetName/5eadeb75ceb55e64491b0b6e - [32m120.532[39m ms
2021-01-11, 1:59:44 p.m. [GDCT] info: GET [32m304[39m /COA_manager/COATrees/sheetName/5eade95eceb55e64491b0b67 - [32m122.767[39m ms
2021-01-11, 1:59:52 p.m. [GDCT] info: GET [32m304[39m /COA_manager/COAs - [32m220.080[39m ms
2021-01-11, 1:59:52 p.m. [GDCT] info: GET [32m304[39m /COA_manager/COATrees/sheetName/5eadec62ceb55e64491b0b77 - [32m117.340[39m ms
2021-01-11, 1:59:53 p.m. [GDCT] info: GET [32m304[39m /COA_manager/COAGroups - [32m107.676[39m ms
2021-01-11, 1:59:55 p.m. [GDCT] info: POST [32m200[39m /COA_manager/COATrees - [32m150.582[39m ms
2021-01-11, 1:59:57 p.m. [GDCT] info: GET [32m304[39m /COA_manager/COAs - [32m210.974[39m ms
2021-01-11, 2:00:00 p.m. [GDCT] info: PUT [32m200[39m /COA_manager/COATrees/sheetName/5eadec62ceb55e64491b0b77 - [32m321.019[39m ms
2021-01-11, 2:00:01 p.m. [GDCT] info: GET [32m304[39m /sheetNames - [32m114.932[39m ms
2021-01-11, 2:00:02 p.m. [GDCT] info: GET [32m304[39m /sheetNames - [32m148.697[39m ms
2021-01-11, 2:00:02 p.m. [GDCT] info: GET [32m304[39m /COA_manager/COATrees/sheetName/5eade987ceb55e64491b0b68 - [32m99.884[39m ms
2021-01-11, 2:00:02 p.m. [GDCT] info: GET [32m304[39m /COA_manager/COATrees/sheetName/5eade920ceb55e64491b0b66 - [32m111.831[39m ms
2021-01-11, 2:00:02 p.m. [GDCT] info: GET [32m304[39m /COA_manager/COATrees/sheetName/5eac8ae29a8fe3217fe81f87 - [32m109.294[39m ms
2021-01-11, 2:00:02 p.m. [GDCT] info: GET [32m304[39m /COA_manager/COATrees/sheetName/5eadea25ceb55e64491b0b6c - [32m138.275[39m ms
2021-01-11, 2:00:02 p.m. [GDCT] info: GET [32m200[39m /COA_manager/COATrees/sheetName/5eadec62ceb55e64491b0b77 - [32m152.963[39m ms
2021-01-11, 2:00:02 p.m. [GDCT] info: GET [32m304[39m /COA_manager/COATrees/sheetName/5eadecc1ceb55e64491b0b80 - [32m167.877[39m ms
2021-01-11, 2:00:02 p.m. [GDCT] info: GET [32m304[39m /COA_manager/COATrees/sheetName/5eadec31ceb55e64491b0b75 - [32m150.353[39m ms
2021-01-11, 2:00:02 p.m. [GDCT] info: GET [32m304[39m /COA_manager/COATrees/sheetName/5eade8e6ceb55e64491b0b63 - [32m158.479[39m ms
2021-01-11, 2:00:02 p.m. [GDCT] info: GET [32m304[39m /COA_manager/COATrees/sheetName/5eadec49ceb55e64491b0b76 - [32m139.589[39m ms
2021-01-11, 2:00:02 p.m. [GDCT] info: GET [32m304[39m /COA_manager/COATrees/sheetName/5f1ee59ad181ae43d04c9bd6 - [32m145.100[39m ms
2021-01-11, 2:00:02 p.m. [GDCT] info: GET [32m304[39m /COA_manager/COATrees/sheetName/5eade9a6ceb55e64491b0b69 - [32m125.300[39m ms
2021-01-11, 2:00:02 p.m. [GDCT] info: GET [32m304[39m /COA_manager/COATrees/sheetName/5eadebbaceb55e64491b0b72 - [32m138.037[39m ms
2021-01-11, 2:00:02 p.m. [GDCT] info: GET [32m304[39m /COA_manager/COATrees/sheetName/5eadeb61ceb55e64491b0b6d - [32m129.037[39m ms
2021-01-11, 2:00:02 p.m. [GDCT] info: GET [32m304[39m /COA_manager/COATrees/sheetName/5eadebfbceb55e64491b0b73 - [32m131.981[39m ms
2021-01-11, 2:00:02 p.m. [GDCT] info: GET [32m304[39m /COA_manager/COATrees/sheetName/5eadeba4ceb55e64491b0b71 - [32m125.975[39m ms
2021-01-11, 2:00:02 p.m. [GDCT] info: GET [32m304[39m /COA_manager/COATrees/sheetName/5eadeb8eceb55e64491b0b70 - [32m129.480[39m ms
2021-01-11, 2:00:02 p.m. [GDCT] info: GET [32m304[39m /COA_manager/COATrees/sheetName/5eade9bbceb55e64491b0b6a - [32m153.688[39m ms
2021-01-11, 2:00:02 p.m. [GDCT] info: GET [32m304[39m /COA_manager/COATrees/sheetName/5eade8fcceb55e64491b0b64 - [32m160.292[39m ms
2021-01-11, 2:00:02 p.m. [GDCT] info: GET [32m304[39m /COA_manager/COATrees/sheetName/5eade9d2ceb55e64491b0b6b - [32m113.596[39m ms
2021-01-11, 2:00:02 p.m. [GDCT] info: GET [32m304[39m /COA_manager/COATrees/sheetName/5eadec19ceb55e64491b0b74 - [32m99.092[39m ms
2021-01-11, 2:00:02 p.m. [GDCT] info: GET [32m304[39m /COA_manager/COATrees/sheetName/5eade90dceb55e64491b0b65 - [32m105.420[39m ms
2021-01-11, 2:00:02 p.m. [GDCT] info: GET [32m304[39m /COA_manager/COATrees/sheetName/5eade95eceb55e64491b0b67 - [32m105.364[39m ms
2021-01-11, 2:00:02 p.m. [GDCT] info: GET [32m304[39m /COA_manager/COATrees/sheetName/5eadeb75ceb55e64491b0b6e - [32m113.642[39m ms
2021-01-11, 2:04:45 p.m. [GDCT] info: GET [32m304[39m /COA_manager/COAs - [32m231.740[39m ms
2021-01-11, 2:04:46 p.m. [GDCT] info: GET [32m304[39m /COA_manager/COATrees/sheetName/5eadea25ceb55e64491b0b6c - [32m94.593[39m ms
2021-01-11, 2:04:47 p.m. [GDCT] info: GET [32m304[39m /COA_manager/COAGroups - [32m142.172[39m ms
2021-01-11, 2:04:48 p.m. [GDCT] info: POST [32m200[39m /COA_manager/COATrees - [32m193.487[39m ms
2021-01-11, 2:04:52 p.m. [GDCT] info: GET [32m304[39m /COA_manager/COAs - [32m886.349[39m ms
2021-01-11, 2:04:56 p.m. [GDCT] info: PUT [32m200[39m /COA_manager/COATrees/sheetName/5eadea25ceb55e64491b0b6c - [32m218.854[39m ms
2021-01-11, 2:04:57 p.m. [GDCT] info: GET [32m304[39m /sheetNames - [32m119.979[39m ms
2021-01-11, 2:04:57 p.m. [GDCT] info: GET [32m304[39m /sheetNames - [32m103.137[39m ms
2021-01-11, 2:04:57 p.m. [GDCT] info: GET [32m304[39m /COA_manager/COATrees/sheetName/5eade987ceb55e64491b0b68 - [32m124.445[39m ms
2021-01-11, 2:04:57 p.m. [GDCT] info: GET [32m304[39m /COA_manager/COATrees/sheetName/5eade920ceb55e64491b0b66 - [32m122.970[39m ms
2021-01-11, 2:04:57 p.m. [GDCT] info: GET [32m304[39m /COA_manager/COATrees/sheetName/5eac8ae29a8fe3217fe81f87 - [32m112.660[39m ms
2021-01-11, 2:04:57 p.m. [GDCT] info: GET [32m304[39m /COA_manager/COATrees/sheetName/5eadec62ceb55e64491b0b77 - [32m211.988[39m ms
2021-01-11, 2:04:57 p.m. [GDCT] info: GET [32m200[39m /COA_manager/COATrees/sheetName/5eadea25ceb55e64491b0b6c - [32m216.703[39m ms
2021-01-11, 2:04:57 p.m. [GDCT] info: GET [32m304[39m /COA_manager/COATrees/sheetName/5eadecc1ceb55e64491b0b80 - [32m214.870[39m ms
2021-01-11, 2:04:57 p.m. [GDCT] info: GET [32m304[39m /COA_manager/COATrees/sheetName/5f1ee59ad181ae43d04c9bd6 - [32m113.695[39m ms
2021-01-11, 2:04:57 p.m. [GDCT] info: GET [32m304[39m /COA_manager/COATrees/sheetName/5eade8e6ceb55e64491b0b63 - [32m120.709[39m ms
2021-01-11, 2:04:57 p.m. [GDCT] info: GET [32m304[39m /COA_manager/COATrees/sheetName/5eadec31ceb55e64491b0b75 - [32m124.698[39m ms
2021-01-11, 2:04:57 p.m. [GDCT] info: GET [32m304[39m /COA_manager/COATrees/sheetName/5eade9a6ceb55e64491b0b69 - [32m138.952[39m ms
2021-01-11, 2:04:57 p.m. [GDCT] info: GET [32m304[39m /COA_manager/COATrees/sheetName/5eadebbaceb55e64491b0b72 - [32m144.692[39m ms
2021-01-11, 2:04:57 p.m. [GDCT] info: GET [32m304[39m /COA_manager/COATrees/sheetName/5eadec49ceb55e64491b0b76 - [32m143.028[39m ms
2021-01-11, 2:04:57 p.m. [GDCT] info: GET [32m304[39m /COA_manager/COATrees/sheetName/5eadeb61ceb55e64491b0b6d - [32m120.907[39m ms
2021-01-11, 2:04:57 p.m. [GDCT] info: GET [32m304[39m /COA_manager/COATrees/sheetName/5eadeb8eceb55e64491b0b70 - [32m125.541[39m ms
2021-01-11, 2:04:57 p.m. [GDCT] info: GET [32m304[39m /COA_manager/COATrees/sheetName/5eadebfbceb55e64491b0b73 - [32m125.409[39m ms
2021-01-11, 2:04:58 p.m. [GDCT] info: GET [32m304[39m /COA_manager/COATrees/sheetName/5eade9bbceb55e64491b0b6a - [32m107.532[39m ms
2021-01-11, 2:04:58 p.m. [GDCT] info: GET [32m304[39m /COA_manager/COATrees/sheetName/5eade8fcceb55e64491b0b64 - [32m105.500[39m ms
2021-01-11, 2:04:58 p.m. [GDCT] info: GET [32m304[39m /COA_manager/COATrees/sheetName/5eadeba4ceb55e64491b0b71 - [32m115.703[39m ms
2021-01-11, 2:04:58 p.m. [GDCT] info: GET [32m304[39m /COA_manager/COATrees/sheetName/5eade9d2ceb55e64491b0b6b - [32m121.399[39m ms
2021-01-11, 2:04:58 p.m. [GDCT] info: GET [32m304[39m /COA_manager/COATrees/sheetName/5eade90dceb55e64491b0b65 - [32m123.167[39m ms
2021-01-11, 2:04:58 p.m. [GDCT] info: GET [32m304[39m /COA_manager/COATrees/sheetName/5eadec19ceb55e64491b0b74 - [32m128.370[39m ms
2021-01-11, 2:04:58 p.m. [GDCT] info: GET [32m304[39m /COA_manager/COATrees/sheetName/5eade95eceb55e64491b0b67 - [32m114.311[39m ms
2021-01-11, 2:04:58 p.m. [GDCT] info: GET [32m304[39m /COA_manager/COATrees/sheetName/5eadeb75ceb55e64491b0b6e - [32m110.557[39m ms
2021-01-11, 2:05:21 p.m. [GDCT] info: GET [32m304[39m /COA_manager/COAs - [32m333.944[39m ms
2021-01-11, 2:05:21 p.m. [GDCT] info: GET [32m304[39m /COA_manager/COATrees/sheetName/5eade987ceb55e64491b0b68 - [32m181.524[39m ms
2021-01-11, 2:05:28 p.m. [GDCT] info: GET [32m304[39m /sheetNames - [32m107.180[39m ms
2021-01-11, 2:05:28 p.m. [GDCT] info: GET [32m304[39m /sheetNames - [32m106.298[39m ms
2021-01-11, 2:05:29 p.m. [GDCT] info: GET [32m304[39m /COA_manager/COATrees/sheetName/5eade987ceb55e64491b0b68 - [32m115.747[39m ms
2021-01-11, 2:05:29 p.m. [GDCT] info: GET [32m304[39m /COA_manager/COATrees/sheetName/5eade920ceb55e64491b0b66 - [32m104.603[39m ms
2021-01-11, 2:05:29 p.m. [GDCT] info: GET [32m304[39m /COA_manager/COATrees/sheetName/5eadec62ceb55e64491b0b77 - [32m138.031[39m ms
2021-01-11, 2:05:29 p.m. [GDCT] info: GET [32m304[39m /COA_manager/COATrees/sheetName/5eac8ae29a8fe3217fe81f87 - [32m121.878[39m ms
2021-01-11, 2:05:29 p.m. [GDCT] info: GET [32m304[39m /COA_manager/COATrees/sheetName/5eadecc1ceb55e64491b0b80 - [32m157.164[39m ms
2021-01-11, 2:05:29 p.m. [GDCT] info: GET [32m304[39m /COA_manager/COATrees/sheetName/5eadea25ceb55e64491b0b6c - [32m166.548[39m ms
2021-01-11, 2:05:29 p.m. [GDCT] info: GET [32m304[39m /COA_manager/COATrees/sheetName/5f1ee59ad181ae43d04c9bd6 - [32m116.248[39m ms
2021-01-11, 2:05:29 p.m. [GDCT] info: GET [32m304[39m /COA_manager/COATrees/sheetName/5eadec31ceb55e64491b0b75 - [32m139.925[39m ms
2021-01-11, 2:05:29 p.m. [GDCT] info: GET [32m304[39m /COA_manager/COATrees/sheetName/5eadebbaceb55e64491b0b72 - [32m173.414[39m ms
2021-01-11, 2:05:29 p.m. [GDCT] info: GET [32m304[39m /COA_manager/COATrees/sheetName/5eadec49ceb55e64491b0b76 - [32m150.483[39m ms
2021-01-11, 2:05:29 p.m. [GDCT] info: GET [32m304[39m /COA_manager/COATrees/sheetName/5eade8e6ceb55e64491b0b63 - [32m179.839[39m ms
2021-01-11, 2:05:29 p.m. [GDCT] info: GET [32m304[39m /COA_manager/COATrees/sheetName/5eadeb61ceb55e64491b0b6d - [32m116.122[39m ms
2021-01-11, 2:05:29 p.m. [GDCT] info: GET [32m304[39m /COA_manager/COATrees/sheetName/5eadebfbceb55e64491b0b73 - [32m114.968[39m ms
2021-01-11, 2:05:29 p.m. [GDCT] info: GET [32m304[39m /COA_manager/COATrees/sheetName/5eadeb8eceb55e64491b0b70 - [32m114.657[39m ms
2021-01-11, 2:05:29 p.m. [GDCT] info: GET [32m304[39m /COA_manager/COATrees/sheetName/5eade9bbceb55e64491b0b6a - [32m119.851[39m ms
2021-01-11, 2:05:29 p.m. [GDCT] info: GET [32m304[39m /COA_manager/COATrees/sheetName/5eade8fcceb55e64491b0b64 - [32m125.472[39m ms
2021-01-11, 2:05:29 p.m. [GDCT] info: GET [32m304[39m /COA_manager/COATrees/sheetName/5eadeba4ceb55e64491b0b71 - [32m103.798[39m ms
2021-01-11, 2:05:29 p.m. [GDCT] info: GET [32m304[39m /COA_manager/COATrees/sheetName/5eade9a6ceb55e64491b0b69 - [32m430.280[39m ms
2021-01-11, 2:05:29 p.m. [GDCT] info: GET [32m304[39m /COA_manager/COATrees/sheetName/5eade9d2ceb55e64491b0b6b - [32m116.901[39m ms
2021-01-11, 2:05:29 p.m. [GDCT] info: GET [32m304[39m /COA_manager/COATrees/sheetName/5eadec19ceb55e64491b0b74 - [32m128.163[39m ms
2021-01-11, 2:05:29 p.m. [GDCT] info: GET [32m304[39m /COA_manager/COATrees/sheetName/5eade95eceb55e64491b0b67 - [32m144.312[39m ms
2021-01-11, 2:05:29 p.m. [GDCT] info: GET [32m304[39m /COA_manager/COATrees/sheetName/5eade90dceb55e64491b0b65 - [32m161.289[39m ms
2021-01-11, 2:05:29 p.m. [GDCT] info: GET [32m304[39m /COA_manager/COATrees/sheetName/5eadeb75ceb55e64491b0b6e - [32m119.552[39m ms
2021-01-11, 2:06:22 p.m. [GDCT] info: GET [32m304[39m /COA_manager/COAs - [32m239.928[39m ms
2021-01-11, 2:06:23 p.m. [GDCT] info: GET [32m304[39m /COA_manager/COATrees/sheetName/5eadecc1ceb55e64491b0b80 - [32m173.135[39m ms
2021-01-11, 2:06:28 p.m. [GDCT] info: GET [32m304[39m /sheetNames - [32m103.167[39m ms
2021-01-11, 2:06:28 p.m. [GDCT] info: GET [32m304[39m /sheetNames - [32m109.732[39m ms
2021-01-11, 2:06:28 p.m. [GDCT] info: GET [32m304[39m /COA_manager/COATrees/sheetName/5eade920ceb55e64491b0b66 - [32m99.309[39m ms
2021-01-11, 2:06:28 p.m. [GDCT] info: GET [32m304[39m /COA_manager/COATrees/sheetName/5eade987ceb55e64491b0b68 - [32m103.655[39m ms
2021-01-11, 2:06:28 p.m. [GDCT] info: GET [32m304[39m /COA_manager/COATrees/sheetName/5eac8ae29a8fe3217fe81f87 - [32m111.294[39m ms
2021-01-11, 2:06:28 p.m. [GDCT] info: GET [32m304[39m /COA_manager/COATrees/sheetName/5eadea25ceb55e64491b0b6c - [32m138.939[39m ms
2021-01-11, 2:06:28 p.m. [GDCT] info: GET [32m304[39m /COA_manager/COATrees/sheetName/5eadec62ceb55e64491b0b77 - [32m136.083[39m ms
2021-01-11, 2:06:29 p.m. [GDCT] info: GET [32m304[39m /COA_manager/COATrees/sheetName/5eadecc1ceb55e64491b0b80 - [32m156.577[39m ms
2021-01-11, 2:06:29 p.m. [GDCT] info: GET [32m304[39m /COA_manager/COATrees/sheetName/5eadec31ceb55e64491b0b75 - [32m130.064[39m ms
2021-01-11, 2:06:29 p.m. [GDCT] info: GET [32m304[39m /COA_manager/COATrees/sheetName/5f1ee59ad181ae43d04c9bd6 - [32m127.405[39m ms
2021-01-11, 2:06:29 p.m. [GDCT] info: GET [32m304[39m /COA_manager/COATrees/sheetName/5eade8e6ceb55e64491b0b63 - [32m125.613[39m ms
2021-01-11, 2:06:29 p.m. [GDCT] info: GET [32m304[39m /COA_manager/COATrees/sheetName/5eadebbaceb55e64491b0b72 - [32m147.343[39m ms
2021-01-11, 2:06:29 p.m. [GDCT] info: GET [32m304[39m /COA_manager/COATrees/sheetName/5eade9a6ceb55e64491b0b69 - [32m129.408[39m ms
2021-01-11, 2:06:29 p.m. [GDCT] info: GET [32m304[39m /COA_manager/COATrees/sheetName/5eadec49ceb55e64491b0b76 - [32m137.225[39m ms
2021-01-11, 2:06:29 p.m. [GDCT] info: GET [32m304[39m /COA_manager/COATrees/sheetName/5eadeb8eceb55e64491b0b70 - [32m142.847[39m ms
2021-01-11, 2:06:29 p.m. [GDCT] info: GET [32m304[39m /COA_manager/COATrees/sheetName/5eadeb61ceb55e64491b0b6d - [32m162.343[39m ms
2021-01-11, 2:06:29 p.m. [GDCT] info: GET [32m304[39m /COA_manager/COATrees/sheetName/5eadebfbceb55e64491b0b73 - [32m170.114[39m ms
2021-01-11, 2:06:29 p.m. [GDCT] info: GET [32m304[39m /COA_manager/COATrees/sheetName/5eade9bbceb55e64491b0b6a - [32m201.144[39m ms
2021-01-11, 2:06:29 p.m. [GDCT] info: GET [32m304[39m /COA_manager/COATrees/sheetName/5eade8fcceb55e64491b0b64 - [32m199.830[39m ms
2021-01-11, 2:06:29 p.m. [GDCT] info: GET [32m304[39m /COA_manager/COATrees/sheetName/5eadeba4ceb55e64491b0b71 - [32m198.299[39m ms
2021-01-11, 2:06:29 p.m. [GDCT] info: GET [32m304[39m /COA_manager/COATrees/sheetName/5eadec19ceb55e64491b0b74 - [32m122.914[39m ms
2021-01-11, 2:06:29 p.m. [GDCT] info: GET [32m304[39m /COA_manager/COATrees/sheetName/5eade9d2ceb55e64491b0b6b - [32m151.017[39m ms
2021-01-11, 2:06:29 p.m. [GDCT] info: GET [32m304[39m /COA_manager/COATrees/sheetName/5eade90dceb55e64491b0b65 - [32m105.951[39m ms
2021-01-11, 2:06:29 p.m. [GDCT] info: GET [32m304[39m /COA_manager/COATrees/sheetName/5eade95eceb55e64491b0b67 - [32m125.795[39m ms
2021-01-11, 2:06:29 p.m. [GDCT] info: GET [32m304[39m /COA_manager/COATrees/sheetName/5eadeb75ceb55e64491b0b6e - [32m125.225[39m ms
2021-01-11, 2:06:32 p.m. [GDCT] info: GET [32m304[39m /COA_manager/COAs - [32m240.316[39m ms
2021-01-11, 2:06:32 p.m. [GDCT] info: GET [32m304[39m /COA_manager/COATrees/sheetName/5eade987ceb55e64491b0b68 - [32m99.393[39m ms
2021-01-11, 2:06:52 p.m. [GDCT] info: GET [32m304[39m /sheetNames - [32m107.923[39m ms
2021-01-11, 2:06:52 p.m. [GDCT] info: GET [32m304[39m /sheetNames - [32m112.161[39m ms
2021-01-11, 2:06:52 p.m. [GDCT] info: GET [32m304[39m /COA_manager/COATrees/sheetName/5eade987ceb55e64491b0b68 - [32m138.009[39m ms
2021-01-11, 2:06:52 p.m. [GDCT] info: GET [32m304[39m /COA_manager/COATrees/sheetName/5eac8ae29a8fe3217fe81f87 - [32m124.539[39m ms
2021-01-11, 2:06:52 p.m. [GDCT] info: GET [32m304[39m /COA_manager/COATrees/sheetName/5eade920ceb55e64491b0b66 - [32m110.887[39m ms
2021-01-11, 2:06:52 p.m. [GDCT] info: GET [32m304[39m /COA_manager/COATrees/sheetName/5eadecc1ceb55e64491b0b80 - [32m184.072[39m ms
2021-01-11, 2:06:52 p.m. [GDCT] info: GET [32m304[39m /COA_manager/COATrees/sheetName/5eadec62ceb55e64491b0b77 - [32m181.660[39m ms
2021-01-11, 2:06:52 p.m. [GDCT] info: GET [32m304[39m /COA_manager/COATrees/sheetName/5eadea25ceb55e64491b0b6c - [32m185.923[39m ms
2021-01-11, 2:06:52 p.m. [GDCT] info: GET [32m304[39m /COA_manager/COATrees/sheetName/5f1ee59ad181ae43d04c9bd6 - [32m153.400[39m ms
2021-01-11, 2:06:52 p.m. [GDCT] info: GET [32m304[39m /COA_manager/COATrees/sheetName/5eadec31ceb55e64491b0b75 - [32m157.398[39m ms
2021-01-11, 2:06:52 p.m. [GDCT] info: GET [32m304[39m /COA_manager/COATrees/sheetName/5eadebbaceb55e64491b0b72 - [32m158.592[39m ms
2021-01-11, 2:06:52 p.m. [GDCT] info: GET [32m304[39m /COA_manager/COATrees/sheetName/5eadec49ceb55e64491b0b76 - [32m203.560[39m ms
2021-01-11, 2:06:52 p.m. [GDCT] info: GET [32m304[39m /COA_manager/COATrees/sheetName/5eadeb61ceb55e64491b0b6d - [32m184.663[39m ms
2021-01-11, 2:06:52 p.m. [GDCT] info: GET [32m304[39m /COA_manager/COATrees/sheetName/5eade8e6ceb55e64491b0b63 - [32m398.874[39m ms
2021-01-11, 2:06:52 p.m. [GDCT] info: GET [32m304[39m /COA_manager/COATrees/sheetName/5eadebfbceb55e64491b0b73 - [32m207.135[39m ms
2021-01-11, 2:06:53 p.m. [GDCT] info: GET [32m304[39m /COA_manager/COATrees/sheetName/5eadeb8eceb55e64491b0b70 - [32m205.934[39m ms
2021-01-11, 2:06:53 p.m. [GDCT] info: GET [32m304[39m /COA_manager/COATrees/sheetName/5eade9a6ceb55e64491b0b69 - [32m420.005[39m ms
2021-01-11, 2:06:53 p.m. [GDCT] info: GET [32m304[39m /COA_manager/COATrees/sheetName/5eade9bbceb55e64491b0b6a - [32m119.512[39m ms
2021-01-11, 2:06:53 p.m. [GDCT] info: GET [32m304[39m /COA_manager/COATrees/sheetName/5eade8fcceb55e64491b0b64 - [32m148.615[39m ms
2021-01-11, 2:06:53 p.m. [GDCT] info: GET [32m304[39m /COA_manager/COATrees/sheetName/5eadeba4ceb55e64491b0b71 - [32m180.782[39m ms
2021-01-11, 2:06:53 p.m. [GDCT] info: GET [32m304[39m /COA_manager/COATrees/sheetName/5eade90dceb55e64491b0b65 - [32m153.446[39m ms
2021-01-11, 2:06:53 p.m. [GDCT] info: GET [32m304[39m /COA_manager/COATrees/sheetName/5eadec19ceb55e64491b0b74 - [32m156.987[39m ms
2021-01-11, 2:06:53 p.m. [GDCT] info: GET [32m304[39m /COA_manager/COATrees/sheetName/5eade95eceb55e64491b0b67 - [32m199.115[39m ms
2021-01-11, 2:06:53 p.m. [GDCT] info: GET [32m304[39m /COA_manager/COATrees/sheetName/5eadeb75ceb55e64491b0b6e - [32m135.874[39m ms
2021-01-11, 2:06:53 p.m. [GDCT] info: GET [32m304[39m /COA_manager/COATrees/sheetName/5eade9d2ceb55e64491b0b6b - [32m416.461[39m ms
2021-01-11, 2:10:37 p.m. [GDCT] info: GET [32m200[39m /template_manager/templateTypes/fetchTemplateType - [32m147.271[39m ms
2021-01-11, 2:10:37 p.m. [GDCT] info: GET [32m200[39m /workflow_manager/workflows/workflowProcesses/fetchWorkflowProcesses - [32m213.901[39m ms
2021-01-11, 2:10:37 p.m. [GDCT] info: GET [32m200[39m /template_manager/templates/fetchTemplate - [32m241.613[39m ms
2021-01-11, 2:12:59 p.m. [GDCT] info: GET [32m304[39m /sheetNames - [32m103.626[39m ms
2021-01-11, 2:16:00 p.m. [GDCT] info: POST [32m200[39m /sheetNames - [32m132.689[39m ms
2021-01-11, 2:18:27 p.m. [GDCT] info: GET [32m304[39m /profile - [32m75.200[39m ms
2021-01-11, 2:18:30 p.m. [GDCT] info: POST [32m200[39m /login - [32m329.595[39m ms
2021-01-11, 2:18:32 p.m. [GDCT] info: GET [32m304[39m /Menus - [32m263.061[39m ms
2021-01-11, 2:18:32 p.m. [GDCT] info: GET [32m304[39m /Menus - [32m246.688[39m ms
2021-01-11, 2:18:44 p.m. [GDCT] info: GET [32m200[39m /sheetNames - [32m132.332[39m ms
